location,latency_ms,packet_loss_percent,status_code
Prince-Albert_Core_Switch_01,69.52,0.99,200
Lloydminster_Core_Switch_01,32.63,0.65,429
Regina_Core_Switch_01,11.95,2.26,200
Lloydminster_Core_Switch_01,56.53,2.64,200
Moose-Jaw_Core_Switch_01,57.39,2.37,200
Prince-Albert_Core_Switch_01,11.7,0.48,200
Regina_Core_Switch_01,68.96,1.82,200
Prince-Albert_Core_Switch_01,66.0,2.81,200
Prince-Albert_Core_Switch_01,25.94,1.55,200
Lloydminster_Core_Switch_01,61.8,1.44,200
Regina_Core_Switch_01,42.11,0.14,200
Lloydminster_Core_Switch_01,11.42,1.26,200
Prince-Albert_Core_Switch_01,34.47,2.52,200
Prince-Albert_Core_Switch_01,46.88,0.86,200
Prince-Albert_Core_Switch_01,60.48,0.24,200
Regina_Core_Switch_01,28.82,0.69,200
Moose-Jaw_Core_Switch_01,54.03,2.85,200
Prince-Albert_Core_Switch_01,60.18,2.92,200
Regina_Core_Switch_01,20.11,1.21,200
Prince-Albert_Core_Switch_01,47.33,0.98,200
Regina_Core_Switch_01,41.88,1.8,200
Moose-Jaw_Core_Switch_01,29.85,1.99,200
Saskatoon_Core_Switch_01,61.36,1.82,200
Saskatoon_Core_Switch_01,45.84,1.06,200
Lloydminster_Core_Switch_01,37.28,0.35,200
Moose-Jaw_Core_Switch_01,47.99,2.69,200
Lloydminster_Core_Switch_01,107.61,9.46,503
Lloydminster_Core_Switch_01,45.99,0.98,200
Saskatoon_Core_Switch_01,30.2,1.26,200
Saskatoon_Core_Switch_01,33.79,1.28,200
Lloydminster_Core_Switch_01,43.17,0.84,200
Lloydminster_Core_Switch_01,52.54,1.46,200
Lloydminster_Core_Switch_01,24.9,0.39,200
Prince-Albert_Core_Switch_01,20.62,0.27,200
Lloydminster_Core_Switch_01,62.09,1.86,200
Moose-Jaw_Core_Switch_01,54.32,1.95,200
Moose-Jaw_Core_Switch_01,49.88,0.69,200
Saskatoon_Core_Switch_01,12.99,0.48,200
Prince-Albert_Core_Switch_01,16.26,2.59,200
Moose-Jaw_Core_Switch_01,29.25,2.27,200
Regina_Core_Switch_01,38.7,2.1,200
Prince-Albert_Core_Switch_01,23.39,2.9,200
Regina_Core_Switch_01,136.06,12.72,200
Prince-Albert_Core_Switch_01,49.64,2.53,200
Saskatoon_Core_Switch_01,37.27,1.41,200
Moose-Jaw_Core_Switch_01,17.56,1.43,200
Regina_Core_Switch_01,31.85,1.93,200
Regina_Core_Switch_01,29.65,2.0,200
Prince-Albert_Core_Switch_01,67.29,0.79,200
Regina_Core_Switch_01,31.56,0.07,429
Prince-Albert_Core_Switch_01,22.09,1.05,200
Moose-Jaw_Core_Switch_01,55.02,0.95,200
Saskatoon_Core_Switch_01,55.6,2.54,200
Regina_Core_Switch_01,17.38,2.97,200
Lloydminster_Core_Switch_01,30.89,2.29,200
Moose-Jaw_Core_Switch_01,57.11,1.29,200
Lloydminster_Core_Switch_01,52.8,1.2,200
Lloydminster_Core_Switch_01,21.85,1.51,200
Moose-Jaw_Core_Switch_01,12.09,1.01,200
Moose-Jaw_Core_Switch_01,31.23,1.62,200
Moose-Jaw_Core_Switch_01,38.19,1.59,200
Saskatoon_Core_Switch_01,26.57,0.68,200
Prince-Albert_Core_Switch_01,12.38,1.87,429
Saskatoon_Core_Switch_01,58.76,1.94,200
Lloydminster_Core_Switch_01,47.28,1.35,200
Prince-Albert_Core_Switch_01,56.31,2.33,200
Prince-Albert_Core_Switch_01,33.5,1.39,200
Moose-Jaw_Core_Switch_01,31.09,0.58,200
Moose-Jaw_Core_Switch_01,19.87,0.1,200
Prince-Albert_Core_Switch_01,29.98,2.67,200
Saskatoon_Core_Switch_01,16.24,2.86,200
Regina_Core_Switch_01,31.12,0.18,200
Lloydminster_Core_Switch_01,59.45,2.02,200
Regina_Core_Switch_01,52.73,0.56,200
Saskatoon_Core_Switch_01,14.14,2.35,200
Saskatoon_Core_Switch_01,64.67,2.69,200
Lloydminster_Core_Switch_01,26.28,0.43,200
Prince-Albert_Core_Switch_01,44.63,1.82,200
Prince-Albert_Core_Switch_01,51.59,0.46,200
Regina_Core_Switch_01,31.31,1.34,200
Saskatoon_Core_Switch_01,26.59,1.78,200
Saskatoon_Core_Switch_01,17.38,2.42,200
Saskatoon_Core_Switch_01,22.36,1.3,200
Moose-Jaw_Core_Switch_01,35.08,0.08,200
Lloydminster_Core_Switch_01,15.12,2.61,200
Moose-Jaw_Core_Switch_01,42.45,0.67,200
Saskatoon_Core_Switch_01,40.64,1.56,200
Lloydminster_Core_Switch_01,58.04,1.89,200
Moose-Jaw_Core_Switch_01,60.04,2.55,200
Regina_Core_Switch_01,28.14,1.89,429
Saskatoon_Core_Switch_01,31.29,1.36,200
Moose-Jaw_Core_Switch_01,26.68,1.9,200
Regina_Core_Switch_01,60.23,1.98,200
Saskatoon_Core_Switch_01,16.27,1.51,200
Saskatoon_Core_Switch_01,30.15,1.81,200
Prince-Albert_Core_Switch_01,51.85,0.9,200
Lloydminster_Core_Switch_01,50.24,1.59,200
Moose-Jaw_Core_Switch_01,14.81,2.61,429
Regina_Core_Switch_01,20.43,2.78,200
Regina_Core_Switch_01,11.13,2.56,200
Lloydminster_Core_Switch_01,29.27,0.68,200
Lloydminster_Core_Switch_01,14.08,2.75,200
Regina_Core_Switch_01,66.4,2.76,200
Regina_Core_Switch_01,45.15,2.29,200
Moose-Jaw_Core_Switch_01,48.48,2.81,200
Lloydminster_Core_Switch_01,61.95,1.75,200
Prince-Albert_Core_Switch_01,52.23,2.26,200
Moose-Jaw_Core_Switch_01,19.08,0.76,200
Prince-Albert_Core_Switch_01,48.76,0.92,200
Moose-Jaw_Core_Switch_01,14.33,0.35,200
Moose-Jaw_Core_Switch_01,69.37,1.55,200
Moose-Jaw_Core_Switch_01,33.24,1.02,200
Prince-Albert_Core_Switch_01,18.46,1.66,200
Saskatoon_Core_Switch_01,23.78,0.02,429
Regina_Core_Switch_01,54.17,0.1,200
Moose-Jaw_Core_Switch_01,68.47,0.56,200
Regina_Core_Switch_01,28.85,2.58,200
Saskatoon_Core_Switch_01,61.88,2.91,200
Lloydminster_Core_Switch_01,54.0,0.48,200
Moose-Jaw_Core_Switch_01,32.02,2.95,200
Lloydminster_Core_Switch_01,46.85,1.16,200
Regina_Core_Switch_01,43.09,1.15,200
Moose-Jaw_Core_Switch_01,42.3,1.85,200
Moose-Jaw_Core_Switch_01,65.3,2.5,200
Lloydminster_Core_Switch_01,26.4,2.01,200
Lloydminster_Core_Switch_01,47.99,0.62,429
Lloydminster_Core_Switch_01,67.43,0.63,200
Regina_Core_Switch_01,11.8,2.74,200
Regina_Core_Switch_01,12.73,1.65,200
Lloydminster_Core_Switch_01,18.36,0.58,200
Regina_Core_Switch_01,59.22,1.89,200
Saskatoon_Core_Switch_01,24.32,1.93,200
Regina_Core_Switch_01,10.89,0.26,200
Lloydminster_Core_Switch_01,65.16,2.51,200
Lloydminster_Core_Switch_01,40.77,2.05,200
Lloydminster_Core_Switch_01,14.76,2.82,200
Regina_Core_Switch_01,58.62,0.28,200
Regina_Core_Switch_01,50.94,2.85,503
Lloydminster_Core_Switch_01,39.45,2.35,200
Regina_Core_Switch_01,39.03,1.74,200
Moose-Jaw_Core_Switch_01,59.45,2.97,200
Moose-Jaw_Core_Switch_01,21.55,1.96,200
Moose-Jaw_Core_Switch_01,69.61,0.65,200
Lloydminster_Core_Switch_01,50.18,0.74,200
Regina_Core_Switch_01,52.58,0.27,200
Prince-Albert_Core_Switch_01,49.98,1.02,200
Moose-Jaw_Core_Switch_01,46.09,2.63,200
Lloydminster_Core_Switch_01,32.62,0.85,200
Moose-Jaw_Core_Switch_01,16.03,0.99,200
Saskatoon_Core_Switch_01,40.4,1.01,200
Regina_Core_Switch_01,29.11,0.38,200
Prince-Albert_Core_Switch_01,40.02,1.58,200
Saskatoon_Core_Switch_01,63.89,0.85,200
Moose-Jaw_Core_Switch_01,61.92,2.58,200
Regina_Core_Switch_01,32.23,2.08,200
Saskatoon_Core_Switch_01,68.34,1.87,200
Prince-Albert_Core_Switch_01,33.53,1.9,200
Regina_Core_Switch_01,21.26,1.68,200
Moose-Jaw_Core_Switch_01,35.04,2.04,200
Lloydminster_Core_Switch_01,21.6,2.33,200
Lloydminster_Core_Switch_01,21.33,0.06,200
Moose-Jaw_Core_Switch_01,45.65,1.37,200
Saskatoon_Core_Switch_01,49.01,1.76,200
Regina_Core_Switch_01,26.79,2.32,200
Regina_Core_Switch_01,28.11,1.58,200
Moose-Jaw_Core_Switch_01,11.54,1.29,200
Saskatoon_Core_Switch_01,17.06,2.92,200
Saskatoon_Core_Switch_01,16.67,0.85,200
Regina_Core_Switch_01,42.18,0.98,200
Saskatoon_Core_Switch_01,32.95,1.43,200
Regina_Core_Switch_01,23.28,0.7,200
Moose-Jaw_Core_Switch_01,38.43,0.77,200
Prince-Albert_Core_Switch_01,18.03,2.05,200
Prince-Albert_Core_Switch_01,31.87,1.48,200
Saskatoon_Core_Switch_01,60.33,1.95,200
Prince-Albert_Core_Switch_01,46.56,2.38,200
Saskatoon_Core_Switch_01,30.58,2.05,200
Lloydminster_Core_Switch_01,43.43,1.98,429
Prince-Albert_Core_Switch_01,38.81,0.44,200
Regina_Core_Switch_01,64.97,0.34,200
Regina_Core_Switch_01,47.5,2.9,200
Regina_Core_Switch_01,54.52,1.01,200
Moose-Jaw_Core_Switch_01,28.28,0.14,200
Regina_Core_Switch_01,34.87,2.08,200
Moose-Jaw_Core_Switch_01,30.35,2.83,200
Prince-Albert_Core_Switch_01,35.74,1.94,200
Moose-Jaw_Core_Switch_01,63.82,1.76,200
Prince-Albert_Core_Switch_01,51.71,2.79,200
Moose-Jaw_Core_Switch_01,20.2,1.33,200
Regina_Core_Switch_01,12.11,2.01,200
Moose-Jaw_Core_Switch_01,171.68,13.41,504
Lloydminster_Core_Switch_01,66.75,1.43,200
Saskatoon_Core_Switch_01,65.91,0.79,200
Saskatoon_Core_Switch_01,69.78,2.53,200
Prince-Albert_Core_Switch_01,54.62,1.15,200
Regina_Core_Switch_01,61.17,0.26,200
Regina_Core_Switch_01,56.29,1.86,200
Regina_Core_Switch_01,64.92,1.69,200
Prince-Albert_Core_Switch_01,27.05,2.05,200
Moose-Jaw_Core_Switch_01,55.48,0.89,200
Moose-Jaw_Core_Switch_01,19.02,0.1,200
Moose-Jaw_Core_Switch_01,50.51,0.92,200
Moose-Jaw_Core_Switch_01,29.51,0.19,200
Lloydminster_Core_Switch_01,69.97,0.9,200
Regina_Core_Switch_01,45.74,2.51,200
Moose-Jaw_Core_Switch_01,15.34,0.56,200
Saskatoon_Core_Switch_01,64.53,0.62,200
Regina_Core_Switch_01,61.87,1.24,200
Lloydminster_Core_Switch_01,47.21,0.12,200
Moose-Jaw_Core_Switch_01,49.77,0.6,200
Saskatoon_Core_Switch_01,12.39,1.15,200
Regina_Core_Switch_01,208.58,15.13,503
Lloydminster_Core_Switch_01,67.17,1.5,200
Prince-Albert_Core_Switch_01,34.54,0.34,200
Regina_Core_Switch_01,39.11,1.04,200
Moose-Jaw_Core_Switch_01,12.46,1.31,200
Regina_Core_Switch_01,26.26,1.33,200
Lloydminster_Core_Switch_01,14.37,1.26,429
Regina_Core_Switch_01,19.37,0.9,200
Prince-Albert_Core_Switch_01,41.42,0.46,200
Regina_Core_Switch_01,42.17,1.01,200
Regina_Core_Switch_01,58.77,1.67,200
Saskatoon_Core_Switch_01,65.91,1.83,200
Regina_Core_Switch_01,51.17,1.61,200
Saskatoon_Core_Switch_01,10.85,1.77,200
Regina_Core_Switch_01,48.08,0.75,200
Moose-Jaw_Core_Switch_01,23.4,2.1,200
Regina_Core_Switch_01,33.53,0.53,200
Saskatoon_Core_Switch_01,62.47,1.03,200
Regina_Core_Switch_01,20.57,1.1,200
Lloydminster_Core_Switch_01,44.05,3.0,200
Saskatoon_Core_Switch_01,38.98,0.6,200
Lloydminster_Core_Switch_01,14.62,2.22,200
Saskatoon_Core_Switch_01,43.92,0.64,200
Saskatoon_Core_Switch_01,13.7,1.08,200
Saskatoon_Core_Switch_01,68.04,0.98,200
Lloydminster_Core_Switch_01,58.63,2.14,200
Saskatoon_Core_Switch_01,18.12,1.31,200
Moose-Jaw_Core_Switch_01,55.73,1.17,200
Regina_Core_Switch_01,30.55,1.33,200
Moose-Jaw_Core_Switch_01,25.75,2.42,200
Saskatoon_Core_Switch_01,42.02,1.01,200
Prince-Albert_Core_Switch_01,53.31,2.64,200
Prince-Albert_Core_Switch_01,29.25,2.81,200
Regina_Core_Switch_01,30.9,0.35,200
Regina_Core_Switch_01,52.8,2.43,200
Regina_Core_Switch_01,50.14,3.0,200
Lloydminster_Core_Switch_01,60.56,1.08,200
Prince-Albert_Core_Switch_01,14.31,1.44,200
Lloydminster_Core_Switch_01,20.88,1.74,200
Regina_Core_Switch_01,25.44,2.48,200
Lloydminster_Core_Switch_01,46.93,2.13,200
Saskatoon_Core_Switch_01,11.0,1.91,200
Moose-Jaw_Core_Switch_01,56.46,2.96,200
Saskatoon_Core_Switch_01,55.69,2.61,200
Saskatoon_Core_Switch_01,33.69,1.16,200
Lloydminster_Core_Switch_01,62.49,0.77,200
Moose-Jaw_Core_Switch_01,56.61,1.84,200
Regina_Core_Switch_01,66.89,0.76,200
Saskatoon_Core_Switch_01,24.87,1.45,200
Saskatoon_Core_Switch_01,67.95,2.09,200
Prince-Albert_Core_Switch_01,40.9,0.45,200
Saskatoon_Core_Switch_01,23.83,1.38,200
Moose-Jaw_Core_Switch_01,36.85,2.74,200
Lloydminster_Core_Switch_01,95.35,2.65,503
Moose-Jaw_Core_Switch_01,56.34,1.36,200
Regina_Core_Switch_01,42.98,1.05,503
Prince-Albert_Core_Switch_01,25.98,1.86,200
Saskatoon_Core_Switch_01,22.79,1.33,200
Moose-Jaw_Core_Switch_01,60.98,0.74,200
Regina_Core_Switch_01,25.22,0.84,200
Regina_Core_Switch_01,69.9,15.1,504
Prince-Albert_Core_Switch_01,25.38,1.56,200
Moose-Jaw_Core_Switch_01,56.67,2.4,200
Saskatoon_Core_Switch_01,29.92,0.12,200
Lloydminster_Core_Switch_01,13.52,0.84,200
Prince-Albert_Core_Switch_01,17.57,0.03,200
Moose-Jaw_Core_Switch_01,61.68,0.76,200
Prince-Albert_Core_Switch_01,39.82,0.0,200
Moose-Jaw_Core_Switch_01,48.73,2.24,200
Prince-Albert_Core_Switch_01,40.07,1.5,200
Saskatoon_Core_Switch_01,30.08,1.37,200
Lloydminster_Core_Switch_01,53.48,0.72,200
Regina_Core_Switch_01,37.03,1.03,200
Regina_Core_Switch_01,35.76,0.23,200
Regina_Core_Switch_01,61.25,0.85,503
Saskatoon_Core_Switch_01,34.01,2.08,200
Prince-Albert_Core_Switch_01,33.73,1.54,200
Lloydminster_Core_Switch_01,32.14,0.17,429
Lloydminster_Core_Switch_01,17.58,2.75,200
Moose-Jaw_Core_Switch_01,22.95,0.12,200
Prince-Albert_Core_Switch_01,11.82,1.72,200
Lloydminster_Core_Switch_01,35.6,0.25,200
Moose-Jaw_Core_Switch_01,14.13,0.01,200
Saskatoon_Core_Switch_01,59.86,1.11,200
Moose-Jaw_Core_Switch_01,67.55,1.16,200
Regina_Core_Switch_01,46.53,0.73,200
Regina_Core_Switch_01,35.86,1.43,200
Saskatoon_Core_Switch_01,35.62,2.79,200
Prince-Albert_Core_Switch_01,39.39,1.22,200
Moose-Jaw_Core_Switch_01,57.27,0.28,200
Saskatoon_Core_Switch_01,44.16,2.94,200
Saskatoon_Core_Switch_01,15.88,2.48,200
Regina_Core_Switch_01,44.78,0.47,200
Saskatoon_Core_Switch_01,10.66,0.06,200
Prince-Albert_Core_Switch_01,55.89,1.83,200
Lloydminster_Core_Switch_01,17.32,1.53,200
Lloydminster_Core_Switch_01,53.67,1.83,200
Moose-Jaw_Core_Switch_01,22.94,2.03,200
Prince-Albert_Core_Switch_01,16.69,0.42,200
Moose-Jaw_Core_Switch_01,18.68,1.86,200
Regina_Core_Switch_01,34.14,1.76,200
Prince-Albert_Core_Switch_01,35.12,2.24,429
Prince-Albert_Core_Switch_01,30.62,0.67,200
Lloydminster_Core_Switch_01,50.43,2.13,200
Lloydminster_Core_Switch_01,46.43,0.5,200
Saskatoon_Core_Switch_01,58.41,1.08,200
Regina_Core_Switch_01,38.75,1.3,200
Saskatoon_Core_Switch_01,53.69,0.49,429
Lloydminster_Core_Switch_01,65.77,0.99,200
Prince-Albert_Core_Switch_01,55.04,2.22,200
Regina_Core_Switch_01,67.37,1.61,200
Moose-Jaw_Core_Switch_01,59.5,0.27,200
Lloydminster_Core_Switch_01,27.78,1.48,200
Lloydminster_Core_Switch_01,42.85,1.11,200
Moose-Jaw_Core_Switch_01,17.42,1.4,200
Moose-Jaw_Core_Switch_01,28.83,0.68,200
Prince-Albert_Core_Switch_01,15.4,2.16,200
Moose-Jaw_Core_Switch_01,40.18,2.0,200
Lloydminster_Core_Switch_01,55.15,1.51,200
Moose-Jaw_Core_Switch_01,39.09,2.56,200
Lloydminster_Core_Switch_01,40.47,2.26,200
Prince-Albert_Core_Switch_01,35.4,1.19,200
Moose-Jaw_Core_Switch_01,17.03,0.51,200
Regina_Core_Switch_01,40.95,2.17,200
Prince-Albert_Core_Switch_01,30.65,1.11,429
Regina_Core_Switch_01,51.64,2.96,200
Lloydminster_Core_Switch_01,17.16,0.79,200
Prince-Albert_Core_Switch_01,13.87,0.4,200
Regina_Core_Switch_01,24.83,1.55,200
Moose-Jaw_Core_Switch_01,16.23,0.87,200
Prince-Albert_Core_Switch_01,27.46,2.09,200
Lloydminster_Core_Switch_01,23.42,2.13,200
Prince-Albert_Core_Switch_01,64.68,1.89,200
Regina_Core_Switch_01,63.98,2.87,200
Regina_Core_Switch_01,21.91,1.1,200
Prince-Albert_Core_Switch_01,39.04,1.25,200
Prince-Albert_Core_Switch_01,33.7,0.39,200
Lloydminster_Core_Switch_01,65.71,0.54,200
Prince-Albert_Core_Switch_01,16.57,0.24,200
Regina_Core_Switch_01,35.04,1.0,200
Prince-Albert_Core_Switch_01,63.53,2.87,200
Lloydminster_Core_Switch_01,28.61,1.49,200
Regina_Core_Switch_01,17.06,0.66,200
Prince-Albert_Core_Switch_01,45.89,2.77,200
Lloydminster_Core_Switch_01,18.45,2.09,200
Prince-Albert_Core_Switch_01,43.77,1.07,200
Lloydminster_Core_Switch_01,12.06,0.74,200
Moose-Jaw_Core_Switch_01,28.86,0.38,200
Saskatoon_Core_Switch_01,21.9,0.11,200
Saskatoon_Core_Switch_01,30.05,2.2,200
Regina_Core_Switch_01,18.55,0.43,200
Lloydminster_Core_Switch_01,20.65,1.07,200
Prince-Albert_Core_Switch_01,40.85,1.73,200
Prince-Albert_Core_Switch_01,40.48,2.69,200
Regina_Core_Switch_01,20.43,0.65,200
Moose-Jaw_Core_Switch_01,56.06,1.32,200
Saskatoon_Core_Switch_01,69.46,0.5,200
Moose-Jaw_Core_Switch_01,64.73,1.4,200
Moose-Jaw_Core_Switch_01,49.24,0.98,200
Saskatoon_Core_Switch_01,44.24,2.8,200
Regina_Core_Switch_01,45.04,1.11,200
Saskatoon_Core_Switch_01,260.63,13.14,504
Moose-Jaw_Core_Switch_01,64.52,2.28,200
Regina_Core_Switch_01,60.89,2.51,200
Moose-Jaw_Core_Switch_01,58.57,0.56,200
Moose-Jaw_Core_Switch_01,19.22,0.15,503
Saskatoon_Core_Switch_01,63.24,1.05,200
Saskatoon_Core_Switch_01,68.87,0.24,200
Regina_Core_Switch_01,12.23,1.28,200
Saskatoon_Core_Switch_01,38.65,1.58,200
Prince-Albert_Core_Switch_01,36.74,1.8,200
Regina_Core_Switch_01,23.22,1.59,200
Moose-Jaw_Core_Switch_01,66.08,0.58,200
Prince-Albert_Core_Switch_01,59.02,1.09,200
Regina_Core_Switch_01,45.67,2.84,200
Saskatoon_Core_Switch_01,11.56,0.53,200
Moose-Jaw_Core_Switch_01,40.53,1.63,200
Regina_Core_Switch_01,61.68,2.45,200
Prince-Albert_Core_Switch_01,12.85,2.49,200
Lloydminster_Core_Switch_01,23.32,2.73,200
Moose-Jaw_Core_Switch_01,55.18,2.73,200
Saskatoon_Core_Switch_01,16.95,0.75,200
Moose-Jaw_Core_Switch_01,38.04,1.09,429
Regina_Core_Switch_01,60.48,2.01,200
Regina_Core_Switch_01,13.95,2.76,200
Prince-Albert_Core_Switch_01,30.76,2.82,200
Regina_Core_Switch_01,44.95,1.45,200
Prince-Albert_Core_Switch_01,48.76,2.28,200
Saskatoon_Core_Switch_01,31.54,2.56,200
Prince-Albert_Core_Switch_01,42.67,0.27,200
Regina_Core_Switch_01,62.04,1.06,200
Saskatoon_Core_Switch_01,31.24,2.25,200
Lloydminster_Core_Switch_01,50.85,1.08,200
Saskatoon_Core_Switch_01,58.45,1.78,200
Saskatoon_Core_Switch_01,41.1,1.79,200
Saskatoon_Core_Switch_01,42.19,1.94,200
Regina_Core_Switch_01,16.51,1.38,200
Regina_Core_Switch_01,24.5,2.02,200
Saskatoon_Core_Switch_01,55.65,1.45,200
Prince-Albert_Core_Switch_01,26.29,2.93,200
Saskatoon_Core_Switch_01,64.02,0.76,200
Regina_Core_Switch_01,62.28,1.94,200
Saskatoon_Core_Switch_01,15.12,1.32,200
Lloydminster_Core_Switch_01,67.76,0.63,200
Prince-Albert_Core_Switch_01,63.55,2.02,200
Regina_Core_Switch_01,25.42,1.54,200
Prince-Albert_Core_Switch_01,31.39,0.94,200
Moose-Jaw_Core_Switch_01,10.14,1.2,200
Regina_Core_Switch_01,27.41,2.03,200
Regina_Core_Switch_01,31.73,1.14,429
Regina_Core_Switch_01,52.67,2.12,200
Regina_Core_Switch_01,39.82,2.77,200
Prince-Albert_Core_Switch_01,23.39,2.93,200
Lloydminster_Core_Switch_01,63.11,2.78,200
Moose-Jaw_Core_Switch_01,35.66,1.17,200
Saskatoon_Core_Switch_01,44.38,0.73,200
Regina_Core_Switch_01,63.2,2.59,200
Moose-Jaw_Core_Switch_01,63.9,2.97,200
Moose-Jaw_Core_Switch_01,11.1,1.74,200
Saskatoon_Core_Switch_01,60.39,1.3,200
Prince-Albert_Core_Switch_01,15.17,2.26,200
Moose-Jaw_Core_Switch_01,64.71,2.6,200
Saskatoon_Core_Switch_01,47.17,0.71,200
Regina_Core_Switch_01,46.42,1.56,200
Prince-Albert_Core_Switch_01,15.35,2.64,503
Prince-Albert_Core_Switch_01,32.12,0.67,200
Lloydminster_Core_Switch_01,13.24,2.0,503
Lloydminster_Core_Switch_01,16.49,1.05,200
Saskatoon_Core_Switch_01,29.07,0.89,200
Saskatoon_Core_Switch_01,36.93,1.42,200
Regina_Core_Switch_01,58.98,0.64,200
Prince-Albert_Core_Switch_01,54.39,2.8,200
Regina_Core_Switch_01,10.48,1.96,200
Moose-Jaw_Core_Switch_01,69.46,2.09,200
Lloydminster_Core_Switch_01,38.39,2.63,200
Prince-Albert_Core_Switch_01,14.91,1.28,200
Lloydminster_Core_Switch_01,19.88,1.42,200
Lloydminster_Core_Switch_01,28.84,2.95,200
Prince-Albert_Core_Switch_01,60.58,2.15,200
Lloydminster_Core_Switch_01,20.58,1.77,200
Saskatoon_Core_Switch_01,44.15,2.59,200
Lloydminster_Core_Switch_01,30.3,1.56,429
Moose-Jaw_Core_Switch_01,45.26,1.98,200
Moose-Jaw_Core_Switch_01,29.96,2.67,200
Regina_Core_Switch_01,46.98,0.39,200
Lloydminster_Core_Switch_01,52.36,0.76,200
Lloydminster_Core_Switch_01,41.81,1.07,200
Lloydminster_Core_Switch_01,96.56,7.49,504
Lloydminster_Core_Switch_01,53.87,1.08,503
Saskatoon_Core_Switch_01,66.45,0.87,200
Regina_Core_Switch_01,19.55,2.87,429
Prince-Albert_Core_Switch_01,19.17,0.65,200
Saskatoon_Core_Switch_01,53.11,1.65,200
Lloydminster_Core_Switch_01,52.41,1.11,200
Prince-Albert_Core_Switch_01,28.6,0.04,200
Regina_Core_Switch_01,15.45,0.79,200
Prince-Albert_Core_Switch_01,54.94,2.57,429
Lloydminster_Core_Switch_01,19.31,2.82,200
Moose-Jaw_Core_Switch_01,30.29,1.47,200
Regina_Core_Switch_01,43.26,0.77,200
Prince-Albert_Core_Switch_01,18.08,2.84,200
Saskatoon_Core_Switch_01,68.29,1.16,200
Moose-Jaw_Core_Switch_01,22.56,2.44,200
Lloydminster_Core_Switch_01,27.04,2.88,200
Moose-Jaw_Core_Switch_01,43.61,2.58,200
Lloydminster_Core_Switch_01,51.95,1.5,200
Moose-Jaw_Core_Switch_01,22.11,2.55,200
Moose-Jaw_Core_Switch_01,31.51,1.71,200
Moose-Jaw_Core_Switch_01,30.78,0.85,200
Regina_Core_Switch_01,25.21,0.47,429
Prince-Albert_Core_Switch_01,64.32,0.74,200
Moose-Jaw_Core_Switch_01,62.47,1.77,200
Regina_Core_Switch_01,26.81,2.55,200
Moose-Jaw_Core_Switch_01,47.97,1.6,200
Lloydminster_Core_Switch_01,52.57,2.22,200
Regina_Core_Switch_01,30.85,2.56,200
Moose-Jaw_Core_Switch_01,63.2,1.98,200
Saskatoon_Core_Switch_01,25.96,1.64,200
Prince-Albert_Core_Switch_01,22.66,2.22,200
Prince-Albert_Core_Switch_01,21.31,2.34,200
Prince-Albert_Core_Switch_01,30.64,1.15,200
Prince-Albert_Core_Switch_01,62.02,0.02,200
Prince-Albert_Core_Switch_01,58.56,0.04,200
Lloydminster_Core_Switch_01,39.93,0.33,200
Prince-Albert_Core_Switch_01,43.34,1.32,200
Regina_Core_Switch_01,20.13,0.55,200
Lloydminster_Core_Switch_01,56.3,2.3,200
Prince-Albert_Core_Switch_01,27.48,1.19,200
Moose-Jaw_Core_Switch_01,33.99,2.19,200
Moose-Jaw_Core_Switch_01,27.5,2.9,200
Saskatoon_Core_Switch_01,52.44,0.08,200
Lloydminster_Core_Switch_01,43.01,2.75,429
Regina_Core_Switch_01,15.12,1.58,200
Prince-Albert_Core_Switch_01,27.41,2.67,200
Saskatoon_Core_Switch_01,43.4,0.4,200
Lloydminster_Core_Switch_01,49.72,0.53,200
Saskatoon_Core_Switch_01,38.4,1.04,200
Saskatoon_Core_Switch_01,33.25,2.08,200
Regina_Core_Switch_01,49.77,1.46,200
Lloydminster_Core_Switch_01,14.5,0.14,200
Lloydminster_Core_Switch_01,26.66,0.09,200
Saskatoon_Core_Switch_01,19.08,2.18,200
Regina_Core_Switch_01,46.1,1.31,200
Prince-Albert_Core_Switch_01,60.9,0.08,200
Lloydminster_Core_Switch_01,48.69,1.51,200
Regina_Core_Switch_01,58.38,1.32,200
Regina_Core_Switch_01,54.33,1.4,200
Moose-Jaw_Core_Switch_01,22.05,2.3,200
Prince-Albert_Core_Switch_01,48.78,0.61,200
Saskatoon_Core_Switch_01,23.15,1.17,200
Lloydminster_Core_Switch_01,63.4,2.79,200
Lloydminster_Core_Switch_01,187.58,11.87,200
Regina_Core_Switch_01,18.67,2.44,200
Saskatoon_Core_Switch_01,19.94,1.68,200
Saskatoon_Core_Switch_01,60.98,0.72,200
Saskatoon_Core_Switch_01,10.5,0.55,200
Lloydminster_Core_Switch_01,62.59,1.56,200
Moose-Jaw_Core_Switch_01,60.3,1.12,200
Regina_Core_Switch_01,63.8,2.74,200
Prince-Albert_Core_Switch_01,28.02,0.57,200
Moose-Jaw_Core_Switch_01,28.02,0.51,200
Saskatoon_Core_Switch_01,25.26,1.18,200
Saskatoon_Core_Switch_01,11.81,0.82,200
Regina_Core_Switch_01,60.69,0.57,200
Regina_Core_Switch_01,42.33,2.46,200
Saskatoon_Core_Switch_01,44.29,1.25,200
Lloydminster_Core_Switch_01,24.36,2.84,200
Lloydminster_Core_Switch_01,61.48,0.03,200
Moose-Jaw_Core_Switch_01,25.9,0.37,200
Lloydminster_Core_Switch_01,51.26,0.46,200
Saskatoon_Core_Switch_01,30.73,0.52,200
Lloydminster_Core_Switch_01,52.74,1.94,200
Moose-Jaw_Core_Switch_01,39.78,0.64,200
Regina_Core_Switch_01,64.85,2.78,200
Prince-Albert_Core_Switch_01,53.93,2.39,200
Prince-Albert_Core_Switch_01,25.27,2.97,200
Prince-Albert_Core_Switch_01,131.21,15.9,503
Lloydminster_Core_Switch_01,55.14,2.6,200
Saskatoon_Core_Switch_01,65.19,2.74,200
Saskatoon_Core_Switch_01,40.62,2.65,200
Moose-Jaw_Core_Switch_01,57.4,1.59,200
Moose-Jaw_Core_Switch_01,66.48,1.27,200
Regina_Core_Switch_01,20.51,0.93,200
Regina_Core_Switch_01,38.38,1.31,200
Lloydminster_Core_Switch_01,54.65,0.57,200
Saskatoon_Core_Switch_01,38.37,2.45,200
Prince-Albert_Core_Switch_01,49.02,2.13,200
Regina_Core_Switch_01,19.69,0.38,200
Prince-Albert_Core_Switch_01,33.52,2.59,200
Saskatoon_Core_Switch_01,29.53,1.23,200
Prince-Albert_Core_Switch_01,42.76,2.51,200
Prince-Albert_Core_Switch_01,10.21,2.32,200
Moose-Jaw_Core_Switch_01,30.63,0.19,200
Saskatoon_Core_Switch_01,10.43,2.68,200
Moose-Jaw_Core_Switch_01,62.87,2.45,429
Lloydminster_Core_Switch_01,46.6,0.56,200
Moose-Jaw_Core_Switch_01,80.8,11.36,200
Prince-Albert_Core_Switch_01,33.83,2.51,200
Regina_Core_Switch_01,65.56,1.93,200
Prince-Albert_Core_Switch_01,38.75,0.51,200
Lloydminster_Core_Switch_01,43.62,0.4,200
Saskatoon_Core_Switch_01,45.16,2.21,200
Regina_Core_Switch_01,11.7,1.16,200
Regina_Core_Switch_01,46.54,1.99,200
Lloydminster_Core_Switch_01,31.68,1.72,200
Saskatoon_Core_Switch_01,50.87,1.29,200
Saskatoon_Core_Switch_01,37.06,0.02,200
Regina_Core_Switch_01,50.69,0.45,200
Moose-Jaw_Core_Switch_01,30.09,1.13,200
Moose-Jaw_Core_Switch_01,59.64,0.59,200
Prince-Albert_Core_Switch_01,219.58,16.93,504
Regina_Core_Switch_01,60.74,0.04,200
Lloydminster_Core_Switch_01,26.7,0.91,200
Lloydminster_Core_Switch_01,100.92,17.96,504
Regina_Core_Switch_01,44.14,0.27,200
Prince-Albert_Core_Switch_01,10.56,0.96,200
Lloydminster_Core_Switch_01,54.6,2.95,200
Regina_Core_Switch_01,35.56,1.73,200
Moose-Jaw_Core_Switch_01,33.59,0.43,200
Regina_Core_Switch_01,29.55,1.32,200
Regina_Core_Switch_01,62.68,1.29,200
Prince-Albert_Core_Switch_01,52.07,1.32,200
Regina_Core_Switch_01,24.63,1.24,429
Saskatoon_Core_Switch_01,20.5,0.19,200
Lloydminster_Core_Switch_01,36.02,2.35,200
Lloydminster_Core_Switch_01,58.67,1.01,200
Moose-Jaw_Core_Switch_01,51.28,1.23,200
Prince-Albert_Core_Switch_01,176.84,7.84,503
Moose-Jaw_Core_Switch_01,38.99,1.76,200
Prince-Albert_Core_Switch_01,53.53,1.91,200
Lloydminster_Core_Switch_01,58.66,1.82,200
Prince-Albert_Core_Switch_01,44.4,2.09,200
Saskatoon_Core_Switch_01,42.39,2.91,200
Prince-Albert_Core_Switch_01,15.66,0.73,200
Lloydminster_Core_Switch_01,68.26,0.2,200
Regina_Core_Switch_01,38.99,2.02,200
Saskatoon_Core_Switch_01,42.32,0.19,200
Prince-Albert_Core_Switch_01,36.7,2.13,200
Lloydminster_Core_Switch_01,28.07,1.46,200
Regina_Core_Switch_01,25.55,2.76,200
Regina_Core_Switch_01,17.53,1.06,200
Saskatoon_Core_Switch_01,23.08,2.53,200
Saskatoon_Core_Switch_01,19.65,1.86,200
Moose-Jaw_Core_Switch_01,21.19,0.61,200
Regina_Core_Switch_01,32.53,2.68,200
Prince-Albert_Core_Switch_01,19.64,2.32,200
Regina_Core_Switch_01,40.87,0.07,200
Saskatoon_Core_Switch_01,36.61,2.92,200
Regina_Core_Switch_01,50.37,0.35,200
Lloydminster_Core_Switch_01,51.48,0.88,429
Regina_Core_Switch_01,53.19,2.76,200
Moose-Jaw_Core_Switch_01,13.92,0.81,200
Lloydminster_Core_Switch_01,32.93,0.06,200
Regina_Core_Switch_01,13.96,2.35,200
Saskatoon_Core_Switch_01,14.52,1.39,200
Moose-Jaw_Core_Switch_01,37.72,0.56,200
Regina_Core_Switch_01,35.64,1.05,200
Moose-Jaw_Core_Switch_01,24.43,0.19,200
Moose-Jaw_Core_Switch_01,30.59,2.85,429
Prince-Albert_Core_Switch_01,67.83,0.35,200
Moose-Jaw_Core_Switch_01,47.27,0.93,200
Moose-Jaw_Core_Switch_01,32.27,0.92,200
Moose-Jaw_Core_Switch_01,37.72,2.59,200
Moose-Jaw_Core_Switch_01,57.07,2.76,200
Lloydminster_Core_Switch_01,33.73,0.38,200
Regina_Core_Switch_01,25.26,1.88,200
Regina_Core_Switch_01,64.85,2.1,200
Moose-Jaw_Core_Switch_01,52.71,0.37,200
Prince-Albert_Core_Switch_01,23.58,2.94,200
Prince-Albert_Core_Switch_01,69.7,2.13,200
Saskatoon_Core_Switch_01,18.71,0.92,200
Moose-Jaw_Core_Switch_01,27.78,0.06,429
Moose-Jaw_Core_Switch_01,55.66,2.33,200
Lloydminster_Core_Switch_01,11.81,1.05,200
Prince-Albert_Core_Switch_01,52.49,2.99,200
Regina_Core_Switch_01,18.43,1.53,200
Saskatoon_Core_Switch_01,69.91,0.62,200
Saskatoon_Core_Switch_01,39.51,1.66,200
Regina_Core_Switch_01,42.32,1.02,200
Saskatoon_Core_Switch_01,52.66,0.78,200
Regina_Core_Switch_01,66.86,2.9,200
Saskatoon_Core_Switch_01,43.28,2.58,200
Moose-Jaw_Core_Switch_01,57.81,0.51,429
Lloydminster_Core_Switch_01,10.79,0.23,200
Moose-Jaw_Core_Switch_01,43.25,1.96,200
Moose-Jaw_Core_Switch_01,41.57,2.98,200
Moose-Jaw_Core_Switch_01,25.57,1.92,200
Saskatoon_Core_Switch_01,15.74,1.94,200
Moose-Jaw_Core_Switch_01,67.88,2.95,200
Lloydminster_Core_Switch_01,14.39,0.03,200
Moose-Jaw_Core_Switch_01,43.16,2.04,200
Lloydminster_Core_Switch_01,16.73,1.54,200
Prince-Albert_Core_Switch_01,32.97,0.28,200
Moose-Jaw_Core_Switch_01,46.95,2.31,200
Saskatoon_Core_Switch_01,19.19,0.6,200
Prince-Albert_Core_Switch_01,68.73,2.55,200
Moose-Jaw_Core_Switch_01,62.16,1.12,200
Prince-Albert_Core_Switch_01,38.6,1.55,200
Lloydminster_Core_Switch_01,45.55,0.96,200
Regina_Core_Switch_01,66.49,2.97,200
Prince-Albert_Core_Switch_01,58.38,0.14,200
Regina_Core_Switch_01,55.71,0.52,200
Prince-Albert_Core_Switch_01,12.56,2.33,200
Prince-Albert_Core_Switch_01,43.56,0.42,200
Moose-Jaw_Core_Switch_01,46.51,0.98,200
Regina_Core_Switch_01,61.81,2.94,200
Regina_Core_Switch_01,32.79,1.49,200
Moose-Jaw_Core_Switch_01,55.62,1.78,200
Moose-Jaw_Core_Switch_01,50.7,2.06,200
Lloydminster_Core_Switch_01,54.54,2.9,200
Prince-Albert_Core_Switch_01,32.28,2.14,200
Regina_Core_Switch_01,17.51,0.08,200
Regina_Core_Switch_01,64.26,0.62,200
Prince-Albert_Core_Switch_01,51.87,2.55,200
Moose-Jaw_Core_Switch_01,23.17,2.24,200
Regina_Core_Switch_01,11.62,0.1,200
Moose-Jaw_Core_Switch_01,11.3,0.89,200
Moose-Jaw_Core_Switch_01,30.21,0.77,200
Saskatoon_Core_Switch_01,45.55,1.31,200
Prince-Albert_Core_Switch_01,40.06,1.9,200
Prince-Albert_Core_Switch_01,65.15,0.15,429
Lloydminster_Core_Switch_01,67.77,0.88,200
Lloydminster_Core_Switch_01,67.41,2.71,200
Regina_Core_Switch_01,42.93,2.72,200
Moose-Jaw_Core_Switch_01,27.28,2.21,200
Prince-Albert_Core_Switch_01,47.6,1.47,200
Regina_Core_Switch_01,27.03,0.79,200
Regina_Core_Switch_01,47.39,1.06,200
Prince-Albert_Core_Switch_01,31.86,0.11,200
Moose-Jaw_Core_Switch_01,18.82,2.52,200
Regina_Core_Switch_01,54.17,0.37,200
Lloydminster_Core_Switch_01,28.82,1.12,200
Lloydminster_Core_Switch_01,12.01,0.97,503
Saskatoon_Core_Switch_01,28.65,1.94,200
Moose-Jaw_Core_Switch_01,68.87,2.27,200
Moose-Jaw_Core_Switch_01,83.97,7.45,503
Prince-Albert_Core_Switch_01,40.15,1.57,200
Saskatoon_Core_Switch_01,16.48,1.66,200
Moose-Jaw_Core_Switch_01,44.26,2.21,200
Moose-Jaw_Core_Switch_01,47.78,0.1,200
Moose-Jaw_Core_Switch_01,19.83,0.36,200
Regina_Core_Switch_01,10.7,1.52,200
Moose-Jaw_Core_Switch_01,25.51,1.6,200
Saskatoon_Core_Switch_01,32.75,1.0,200
Regina_Core_Switch_01,29.77,2.29,200
Prince-Albert_Core_Switch_01,54.94,1.15,200
Moose-Jaw_Core_Switch_01,18.55,0.38,200
Prince-Albert_Core_Switch_01,32.05,0.11,200
Regina_Core_Switch_01,35.54,0.45,200
Lloydminster_Core_Switch_01,59.21,0.76,429
Lloydminster_Core_Switch_01,13.58,0.66,200
Prince-Albert_Core_Switch_01,50.78,0.93,200
Regina_Core_Switch_01,28.16,1.1,200
Prince-Albert_Core_Switch_01,54.19,2.42,200
Moose-Jaw_Core_Switch_01,69.69,0.31,200
Prince-Albert_Core_Switch_01,47.39,0.1,200
Lloydminster_Core_Switch_01,30.84,2.25,200
Saskatoon_Core_Switch_01,65.22,0.98,200
Moose-Jaw_Core_Switch_01,23.65,2.29,200
Saskatoon_Core_Switch_01,54.02,1.31,200
Lloydminster_Core_Switch_01,42.52,0.44,200
Saskatoon_Core_Switch_01,66.0,0.39,200
Saskatoon_Core_Switch_01,46.66,1.4,200
Saskatoon_Core_Switch_01,11.14,2.58,200
Lloydminster_Core_Switch_01,63.62,2.55,200
Moose-Jaw_Core_Switch_01,56.94,1.39,200
Moose-Jaw_Core_Switch_01,18.06,2.25,200
Saskatoon_Core_Switch_01,48.66,2.53,200
Prince-Albert_Core_Switch_01,44.53,1.62,200
Regina_Core_Switch_01,19.29,1.57,200
Saskatoon_Core_Switch_01,45.27,2.18,200
Moose-Jaw_Core_Switch_01,14.32,1.99,200
Prince-Albert_Core_Switch_01,39.37,1.4,200
Regina_Core_Switch_01,11.22,0.63,200
Saskatoon_Core_Switch_01,11.01,0.38,200
Prince-Albert_Core_Switch_01,35.64,2.4,200
Regina_Core_Switch_01,61.99,1.64,200
Moose-Jaw_Core_Switch_01,40.31,1.9,200
Regina_Core_Switch_01,17.34,2.69,200
Regina_Core_Switch_01,141.69,5.01,504
Moose-Jaw_Core_Switch_01,29.2,0.68,200
Lloydminster_Core_Switch_01,44.45,2.2,200
Lloydminster_Core_Switch_01,47.32,0.7,200
Prince-Albert_Core_Switch_01,25.91,2.39,200
Lloydminster_Core_Switch_01,33.82,0.95,200
Moose-Jaw_Core_Switch_01,59.46,0.33,200
Lloydminster_Core_Switch_01,56.53,0.04,429
Regina_Core_Switch_01,50.98,2.45,200
Regina_Core_Switch_01,17.67,2.99,200
Prince-Albert_Core_Switch_01,21.84,1.88,200
Saskatoon_Core_Switch_01,13.29,0.23,200
Saskatoon_Core_Switch_01,27.26,2.27,200
Saskatoon_Core_Switch_01,31.64,2.43,200
Moose-Jaw_Core_Switch_01,37.11,1.32,200
Prince-Albert_Core_Switch_01,50.12,1.94,200
Moose-Jaw_Core_Switch_01,11.7,2.32,200
Lloydminster_Core_Switch_01,42.72,1.55,200
Moose-Jaw_Core_Switch_01,20.47,2.47,200
Moose-Jaw_Core_Switch_01,68.59,0.99,200
Regina_Core_Switch_01,10.27,1.08,200
Prince-Albert_Core_Switch_01,29.32,2.72,200
Prince-Albert_Core_Switch_01,57.81,0.14,200
Regina_Core_Switch_01,35.44,1.07,200
Moose-Jaw_Core_Switch_01,18.76,1.12,200
Lloydminster_Core_Switch_01,11.16,1.77,200
Lloydminster_Core_Switch_01,28.9,1.77,200
Regina_Core_Switch_01,41.98,2.13,200
Regina_Core_Switch_01,111.75,8.75,503
Moose-Jaw_Core_Switch_01,15.69,0.45,200
Saskatoon_Core_Switch_01,42.0,0.81,200
Regina_Core_Switch_01,17.01,1.42,200
Regina_Core_Switch_01,22.11,0.26,200
Regina_Core_Switch_01,39.5,2.64,200
Moose-Jaw_Core_Switch_01,56.91,2.07,200
Moose-Jaw_Core_Switch_01,17.01,2.99,200
Prince-Albert_Core_Switch_01,67.38,0.7,200
Moose-Jaw_Core_Switch_01,14.69,0.53,200
Prince-Albert_Core_Switch_01,22.39,2.11,200
Regina_Core_Switch_01,20.36,1.74,200
Saskatoon_Core_Switch_01,56.62,0.59,200
Moose-Jaw_Core_Switch_01,19.78,2.63,200
Lloydminster_Core_Switch_01,50.79,1.31,200
Saskatoon_Core_Switch_01,18.5,1.83,200
Moose-Jaw_Core_Switch_01,44.62,0.61,200
Regina_Core_Switch_01,54.43,0.37,200
Saskatoon_Core_Switch_01,53.26,1.56,200
Lloydminster_Core_Switch_01,10.01,0.2,200
Regina_Core_Switch_01,55.74,2.88,200
Saskatoon_Core_Switch_01,59.63,0.99,200
Regina_Core_Switch_01,69.19,1.21,200
Regina_Core_Switch_01,12.33,1.17,200
Prince-Albert_Core_Switch_01,55.18,2.23,200
Prince-Albert_Core_Switch_01,13.78,0.3,200
Lloydminster_Core_Switch_01,21.26,2.06,200
Moose-Jaw_Core_Switch_01,42.8,1.92,200
Regina_Core_Switch_01,45.74,2.3,200
Regina_Core_Switch_01,40.61,1.61,200
Regina_Core_Switch_01,10.23,1.17,200
Moose-Jaw_Core_Switch_01,27.05,2.77,200
Regina_Core_Switch_01,23.81,1.4,200
Saskatoon_Core_Switch_01,58.53,0.44,200
Moose-Jaw_Core_Switch_01,24.95,2.99,200
Lloydminster_Core_Switch_01,66.96,1.65,200
Regina_Core_Switch_01,44.59,1.64,200
Lloydminster_Core_Switch_01,24.42,1.11,200
Lloydminster_Core_Switch_01,26.28,0.57,200
Regina_Core_Switch_01,54.12,1.25,200
Prince-Albert_Core_Switch_01,49.89,0.3,200
Moose-Jaw_Core_Switch_01,69.72,1.07,200
Saskatoon_Core_Switch_01,88.47,15.5,200
Moose-Jaw_Core_Switch_01,40.89,0.6,200
Prince-Albert_Core_Switch_01,19.1,0.3,200
Saskatoon_Core_Switch_01,55.05,2.01,200
Moose-Jaw_Core_Switch_01,34.57,2.26,200
Regina_Core_Switch_01,52.02,2.05,200
Lloydminster_Core_Switch_01,19.2,2.26,200
Moose-Jaw_Core_Switch_01,67.57,1.11,200
Lloydminster_Core_Switch_01,48.47,2.52,200
Saskatoon_Core_Switch_01,10.2,0.56,429
Prince-Albert_Core_Switch_01,60.05,2.77,200
Lloydminster_Core_Switch_01,13.41,1.04,200
Moose-Jaw_Core_Switch_01,10.45,2.33,200
Moose-Jaw_Core_Switch_01,66.12,1.79,200
Lloydminster_Core_Switch_01,42.03,1.4,200
Lloydminster_Core_Switch_01,44.18,2.87,200
Regina_Core_Switch_01,64.98,1.93,200
Moose-Jaw_Core_Switch_01,41.99,0.53,200
Prince-Albert_Core_Switch_01,56.57,1.86,200
Moose-Jaw_Core_Switch_01,69.56,2.87,200
Prince-Albert_Core_Switch_01,50.31,2.48,200
Moose-Jaw_Core_Switch_01,130.05,15.2,504
Moose-Jaw_Core_Switch_01,47.85,0.05,200
Saskatoon_Core_Switch_01,46.35,1.49,200
Prince-Albert_Core_Switch_01,25.05,1.21,200
Regina_Core_Switch_01,20.97,2.62,200
Lloydminster_Core_Switch_01,48.53,2.89,200
Regina_Core_Switch_01,20.48,0.49,503
Regina_Core_Switch_01,60.97,1.79,200
Saskatoon_Core_Switch_01,17.37,2.22,200
Regina_Core_Switch_01,58.32,0.82,200
Moose-Jaw_Core_Switch_01,46.28,2.31,200
Saskatoon_Core_Switch_01,29.61,2.01,200
Prince-Albert_Core_Switch_01,17.56,2.38,200
Saskatoon_Core_Switch_01,30.75,0.97,200
Regina_Core_Switch_01,60.41,1.59,200
Lloydminster_Core_Switch_01,58.48,2.46,200
Saskatoon_Core_Switch_01,31.01,2.15,200
Prince-Albert_Core_Switch_01,45.27,0.61,200
Moose-Jaw_Core_Switch_01,45.53,2.02,200
Moose-Jaw_Core_Switch_01,26.24,0.01,200
Moose-Jaw_Core_Switch_01,19.87,1.34,200
Lloydminster_Core_Switch_01,43.19,2.78,200
Prince-Albert_Core_Switch_01,19.35,0.5,200
Moose-Jaw_Core_Switch_01,26.63,1.0,200
Saskatoon_Core_Switch_01,48.72,1.45,200
Moose-Jaw_Core_Switch_01,61.46,1.27,200
Prince-Albert_Core_Switch_01,279.29,3.63,504
Regina_Core_Switch_01,32.84,2.87,200
Prince-Albert_Core_Switch_01,47.09,2.54,200
Lloydminster_Core_Switch_01,50.69,0.04,200
Lloydminster_Core_Switch_01,62.9,0.51,200
Moose-Jaw_Core_Switch_01,53.03,2.7,200
Regina_Core_Switch_01,16.48,0.19,429
Lloydminster_Core_Switch_01,36.41,1.08,200
Moose-Jaw_Core_Switch_01,42.87,0.68,200
Saskatoon_Core_Switch_01,28.48,1.58,200
Prince-Albert_Core_Switch_01,66.83,0.69,200
Lloydminster_Core_Switch_01,25.64,0.34,200
Lloydminster_Core_Switch_01,51.74,1.73,200
Saskatoon_Core_Switch_01,11.25,2.59,200
Prince-Albert_Core_Switch_01,268.12,9.63,200
Moose-Jaw_Core_Switch_01,45.2,0.19,200
Saskatoon_Core_Switch_01,37.25,2.05,200
Saskatoon_Core_Switch_01,11.15,0.16,200
Regina_Core_Switch_01,51.43,1.62,200
Lloydminster_Core_Switch_01,34.76,1.78,200
Lloydminster_Core_Switch_01,61.01,2.76,503
Lloydminster_Core_Switch_01,24.13,0.44,200
Saskatoon_Core_Switch_01,29.85,2.59,200
Lloydminster_Core_Switch_01,57.62,2.54,200
Regina_Core_Switch_01,29.48,1.33,200
Saskatoon_Core_Switch_01,32.11,2.1,200
Moose-Jaw_Core_Switch_01,18.04,2.33,200
Lloydminster_Core_Switch_01,19.71,0.42,200
Lloydminster_Core_Switch_01,62.65,0.23,200
Regina_Core_Switch_01,40.36,2.5,200
Prince-Albert_Core_Switch_01,129.71,15.85,503
Lloydminster_Core_Switch_01,32.96,0.19,200
Moose-Jaw_Core_Switch_01,14.61,0.12,503
Moose-Jaw_Core_Switch_01,67.63,1.98,200
Regina_Core_Switch_01,36.33,0.65,200
Saskatoon_Core_Switch_01,35.33,1.17,200
Prince-Albert_Core_Switch_01,32.5,0.43,200
Saskatoon_Core_Switch_01,42.3,2.83,200
Lloydminster_Core_Switch_01,58.76,0.31,200
Moose-Jaw_Core_Switch_01,24.21,1.39,200
Saskatoon_Core_Switch_01,49.25,0.32,200
Saskatoon_Core_Switch_01,27.85,1.42,200
Lloydminster_Core_Switch_01,38.99,2.59,200
Prince-Albert_Core_Switch_01,44.5,0.01,200
Regina_Core_Switch_01,15.01,0.22,200
Moose-Jaw_Core_Switch_01,12.49,1.52,200
Regina_Core_Switch_01,22.51,2.8,200
Prince-Albert_Core_Switch_01,42.95,0.46,200
Saskatoon_Core_Switch_01,31.9,0.94,200
Moose-Jaw_Core_Switch_01,21.73,1.98,200
Prince-Albert_Core_Switch_01,38.41,2.09,200
Regina_Core_Switch_01,10.72,0.95,200
Saskatoon_Core_Switch_01,22.44,2.7,200
Saskatoon_Core_Switch_01,62.68,0.11,429
Saskatoon_Core_Switch_01,46.55,1.28,200
Moose-Jaw_Core_Switch_01,22.33,1.18,200
Regina_Core_Switch_01,68.92,0.91,200
Lloydminster_Core_Switch_01,17.5,2.8,200
Moose-Jaw_Core_Switch_01,50.02,1.01,200
Regina_Core_Switch_01,43.15,0.47,200
Prince-Albert_Core_Switch_01,27.97,0.42,200
Lloydminster_Core_Switch_01,25.55,0.52,200
Regina_Core_Switch_01,38.97,0.09,200
Lloydminster_Core_Switch_01,30.77,1.51,200
Saskatoon_Core_Switch_01,10.85,3.0,200
Prince-Albert_Core_Switch_01,50.9,1.39,200
Prince-Albert_Core_Switch_01,22.34,2.13,503
Regina_Core_Switch_01,41.58,1.44,200
Saskatoon_Core_Switch_01,42.77,1.55,200
Regina_Core_Switch_01,56.87,1.01,429
Regina_Core_Switch_01,50.28,0.32,200
Saskatoon_Core_Switch_01,46.15,1.65,200
Prince-Albert_Core_Switch_01,40.32,1.62,200
Regina_Core_Switch_01,62.07,0.68,429
Lloydminster_Core_Switch_01,57.75,1.24,200
Prince-Albert_Core_Switch_01,20.1,1.81,200
Saskatoon_Core_Switch_01,35.26,2.64,200
Prince-Albert_Core_Switch_01,31.45,1.79,200
Regina_Core_Switch_01,12.02,2.98,200
Lloydminster_Core_Switch_01,14.47,1.45,200
Prince-Albert_Core_Switch_01,33.11,0.58,200
Saskatoon_Core_Switch_01,58.15,2.08,200
Regina_Core_Switch_01,50.1,1.55,200
Moose-Jaw_Core_Switch_01,33.33,1.13,200
Lloydminster_Core_Switch_01,30.37,2.4,200
Saskatoon_Core_Switch_01,32.87,0.64,200
Lloydminster_Core_Switch_01,25.72,1.22,429
Moose-Jaw_Core_Switch_01,17.65,0.89,200
Saskatoon_Core_Switch_01,37.81,1.22,503
Saskatoon_Core_Switch_01,35.54,0.1,200
Regina_Core_Switch_01,44.28,1.83,200
Regina_Core_Switch_01,32.63,0.29,200
Lloydminster_Core_Switch_01,55.32,0.04,200
Regina_Core_Switch_01,30.94,2.82,200
Prince-Albert_Core_Switch_01,14.61,2.74,200
Moose-Jaw_Core_Switch_01,16.44,1.33,200
Lloydminster_Core_Switch_01,52.0,0.25,200
Regina_Core_Switch_01,35.82,0.03,200
Regina_Core_Switch_01,22.74,0.04,200
Moose-Jaw_Core_Switch_01,57.17,1.63,200
Moose-Jaw_Core_Switch_01,43.58,1.58,200
Prince-Albert_Core_Switch_01,52.89,1.96,200
Saskatoon_Core_Switch_01,43.61,0.65,200
Saskatoon_Core_Switch_01,12.51,2.79,200
Lloydminster_Core_Switch_01,17.4,2.21,200
Lloydminster_Core_Switch_01,54.94,2.3,200
Lloydminster_Core_Switch_01,16.37,1.34,200
Saskatoon_Core_Switch_01,38.15,2.11,200
Saskatoon_Core_Switch_01,25.28,1.63,200
Prince-Albert_Core_Switch_01,51.67,1.38,200
Lloydminster_Core_Switch_01,26.73,0.82,503
Moose-Jaw_Core_Switch_01,59.41,2.95,200
Saskatoon_Core_Switch_01,64.22,0.41,200
Prince-Albert_Core_Switch_01,55.31,1.12,200
Prince-Albert_Core_Switch_01,68.86,2.88,200
Saskatoon_Core_Switch_01,22.32,2.68,200
Saskatoon_Core_Switch_01,28.46,1.28,200
Moose-Jaw_Core_Switch_01,18.23,2.87,200
Regina_Core_Switch_01,48.16,1.86,200
Regina_Core_Switch_01,11.83,1.61,200
Regina_Core_Switch_01,47.18,2.3,200
Prince-Albert_Core_Switch_01,32.82,1.01,200
Moose-Jaw_Core_Switch_01,48.56,0.78,200
Prince-Albert_Core_Switch_01,65.11,1.06,200
Lloydminster_Core_Switch_01,58.21,2.66,200
Lloydminster_Core_Switch_01,10.66,1.57,200
Prince-Albert_Core_Switch_01,36.94,2.25,200
Moose-Jaw_Core_Switch_01,57.4,2.5,200
Moose-Jaw_Core_Switch_01,30.01,2.49,200
Moose-Jaw_Core_Switch_01,49.48,1.16,429
Moose-Jaw_Core_Switch_01,53.04,2.64,200
Saskatoon_Core_Switch_01,21.4,1.79,200
Moose-Jaw_Core_Switch_01,13.41,2.9,200
Prince-Albert_Core_Switch_01,64.37,1.73,200
Regina_Core_Switch_01,39.1,0.18,200
Saskatoon_Core_Switch_01,66.99,2.51,200
Saskatoon_Core_Switch_01,24.44,2.32,200
Prince-Albert_Core_Switch_01,16.33,2.35,200
Prince-Albert_Core_Switch_01,17.78,0.04,200
Saskatoon_Core_Switch_01,54.0,1.44,200
Regina_Core_Switch_01,34.73,1.91,200
Lloydminster_Core_Switch_01,15.25,1.18,200
Regina_Core_Switch_01,24.93,0.84,200
Saskatoon_Core_Switch_01,59.6,2.25,200
Moose-Jaw_Core_Switch_01,34.13,1.42,200
Saskatoon_Core_Switch_01,67.48,2.74,200
Lloydminster_Core_Switch_01,61.55,2.9,200
Lloydminster_Core_Switch_01,67.71,1.94,200
Moose-Jaw_Core_Switch_01,20.34,1.88,200
Regina_Core_Switch_01,38.03,2.53,200
Lloydminster_Core_Switch_01,19.2,1.99,200
Moose-Jaw_Core_Switch_01,63.42,0.88,200
Prince-Albert_Core_Switch_01,31.19,1.2,200
Moose-Jaw_Core_Switch_01,26.42,1.2,200
Saskatoon_Core_Switch_01,49.37,2.94,429
Lloydminster_Core_Switch_01,68.11,0.39,200
Moose-Jaw_Core_Switch_01,21.69,0.87,200
Regina_Core_Switch_01,40.52,0.9,200
Saskatoon_Core_Switch_01,64.11,1.94,200
Regina_Core_Switch_01,10.91,1.74,200
Regina_Core_Switch_01,34.73,2.46,200
Saskatoon_Core_Switch_01,48.01,0.92,200
Regina_Core_Switch_01,16.01,0.09,200
Prince-Albert_Core_Switch_01,30.22,2.55,200
Regina_Core_Switch_01,11.92,0.47,200
Regina_Core_Switch_01,13.41,0.83,200
Saskatoon_Core_Switch_01,10.65,0.15,200
Moose-Jaw_Core_Switch_01,47.9,0.44,200
Moose-Jaw_Core_Switch_01,24.34,0.57,200
Lloydminster_Core_Switch_01,23.85,0.75,200
Saskatoon_Core_Switch_01,63.52,2.63,200
Moose-Jaw_Core_Switch_01,15.59,0.05,200
Prince-Albert_Core_Switch_01,45.41,0.73,200
Prince-Albert_Core_Switch_01,54.58,0.6,200
Prince-Albert_Core_Switch_01,15.26,2.07,200
Prince-Albert_Core_Switch_01,29.41,0.59,200
Moose-Jaw_Core_Switch_01,37.15,0.22,200
Lloydminster_Core_Switch_01,29.87,1.56,200
Regina_Core_Switch_01,19.11,0.16,200
Prince-Albert_Core_Switch_01,56.55,0.68,200
Saskatoon_Core_Switch_01,28.73,0.75,200
Regina_Core_Switch_01,19.95,0.57,200
Saskatoon_Core_Switch_01,52.78,2.96,200
Moose-Jaw_Core_Switch_01,68.11,1.1,200
Regina_Core_Switch_01,16.42,0.08,200
Prince-Albert_Core_Switch_01,35.8,0.1,200
Prince-Albert_Core_Switch_01,19.19,1.19,200
Regina_Core_Switch_01,33.56,0.87,200
Regina_Core_Switch_01,52.73,1.7,200
Moose-Jaw_Core_Switch_01,12.88,2.87,200
Prince-Albert_Core_Switch_01,11.91,1.23,200
Saskatoon_Core_Switch_01,22.72,2.58,200
Prince-Albert_Core_Switch_01,46.22,2.09,200
Prince-Albert_Core_Switch_01,54.59,0.23,200
Prince-Albert_Core_Switch_01,13.81,0.35,200
Prince-Albert_Core_Switch_01,40.4,1.05,200
Lloydminster_Core_Switch_01,27.62,1.29,200
Lloydminster_Core_Switch_01,29.93,0.94,200
Lloydminster_Core_Switch_01,56.32,1.37,200
Regina_Core_Switch_01,19.97,1.36,429
Saskatoon_Core_Switch_01,55.11,0.25,200
Regina_Core_Switch_01,13.08,0.57,200
Saskatoon_Core_Switch_01,26.53,0.55,200
Regina_Core_Switch_01,18.74,2.27,200
Prince-Albert_Core_Switch_01,61.95,2.39,429
Prince-Albert_Core_Switch_01,43.87,0.46,200
Saskatoon_Core_Switch_01,47.41,2.48,429
Lloydminster_Core_Switch_01,14.23,0.51,200
Regina_Core_Switch_01,58.19,0.59,200
Saskatoon_Core_Switch_01,20.93,2.5,200
Saskatoon_Core_Switch_01,66.82,1.66,200
Prince-Albert_Core_Switch_01,40.01,1.71,200
Lloydminster_Core_Switch_01,38.42,2.5,200
Saskatoon_Core_Switch_01,68.33,0.4,200
Saskatoon_Core_Switch_01,59.14,1.15,200
Lloydminster_Core_Switch_01,42.47,0.5,200
Regina_Core_Switch_01,43.49,1.65,200
Lloydminster_Core_Switch_01,23.38,1.84,200
Saskatoon_Core_Switch_01,38.39,1.62,200
Lloydminster_Core_Switch_01,43.87,0.48,200
Lloydminster_Core_Switch_01,55.64,1.0,200
Prince-Albert_Core_Switch_01,18.66,2.89,200
Prince-Albert_Core_Switch_01,15.06,1.56,200
Lloydminster_Core_Switch_01,41.11,3.0,200
Prince-Albert_Core_Switch_01,47.02,2.38,200
Regina_Core_Switch_01,67.95,1.25,200
Moose-Jaw_Core_Switch_01,31.41,0.56,200
Regina_Core_Switch_01,61.7,1.14,200
Prince-Albert_Core_Switch_01,63.37,0.36,200
Lloydminster_Core_Switch_01,64.27,2.97,200
Lloydminster_Core_Switch_01,16.19,2.81,200
Moose-Jaw_Core_Switch_01,20.01,2.36,200
Prince-Albert_Core_Switch_01,38.63,2.91,200
Prince-Albert_Core_Switch_01,56.22,0.25,200
Lloydminster_Core_Switch_01,33.15,0.67,200
Saskatoon_Core_Switch_01,43.67,0.49,200
Saskatoon_Core_Switch_01,45.23,2.67,200
Saskatoon_Core_Switch_01,56.79,1.18,200
Prince-Albert_Core_Switch_01,17.77,2.39,200
Regina_Core_Switch_01,54.53,0.55,200
Regina_Core_Switch_01,35.39,2.85,200
Prince-Albert_Core_Switch_01,34.4,2.54,200
Regina_Core_Switch_01,67.3,2.4,200
Regina_Core_Switch_01,60.9,1.4,200
Prince-Albert_Core_Switch_01,11.83,2.25,200
Saskatoon_Core_Switch_01,63.86,2.64,200
Saskatoon_Core_Switch_01,56.61,2.32,200
Lloydminster_Core_Switch_01,54.22,1.26,200
Regina_Core_Switch_01,16.07,1.12,200
Prince-Albert_Core_Switch_01,26.81,1.29,200
Moose-Jaw_Core_Switch_01,41.58,0.39,200
Prince-Albert_Core_Switch_01,39.8,2.25,200
Lloydminster_Core_Switch_01,33.96,2.77,200
Prince-Albert_Core_Switch_01,58.25,0.58,200
Prince-Albert_Core_Switch_01,46.98,1.25,200
Regina_Core_Switch_01,25.15,0.09,200
Regina_Core_Switch_01,31.69,1.13,200
Regina_Core_Switch_01,195.1,16.77,503
Regina_Core_Switch_01,67.15,2.65,200
Saskatoon_Core_Switch_01,59.3,1.88,429
Saskatoon_Core_Switch_01,69.65,1.94,200
Saskatoon_Core_Switch_01,15.93,0.81,200
Lloydminster_Core_Switch_01,29.61,1.04,200
Regina_Core_Switch_01,41.62,0.21,429
Saskatoon_Core_Switch_01,29.6,2.01,200
Prince-Albert_Core_Switch_01,14.5,0.89,200
Saskatoon_Core_Switch_01,64.07,1.72,200
Lloydminster_Core_Switch_01,13.3,2.02,200
Prince-Albert_Core_Switch_01,69.91,1.94,200
Prince-Albert_Core_Switch_01,57.19,1.74,200
Lloydminster_Core_Switch_01,62.29,1.79,200
Lloydminster_Core_Switch_01,68.72,1.48,200
Lloydminster_Core_Switch_01,56.67,2.61,200
Saskatoon_Core_Switch_01,53.11,0.58,200
Prince-Albert_Core_Switch_01,63.0,2.53,200
Lloydminster_Core_Switch_01,17.38,2.32,200
Prince-Albert_Core_Switch_01,11.81,1.6,200
Saskatoon_Core_Switch_01,57.92,1.85,200
Lloydminster_Core_Switch_01,65.34,0.65,200
Prince-Albert_Core_Switch_01,60.13,0.89,200
Moose-Jaw_Core_Switch_01,61.57,0.48,200
Prince-Albert_Core_Switch_01,50.17,1.3,200
Lloydminster_Core_Switch_01,16.02,0.75,200
Lloydminster_Core_Switch_01,28.49,0.44,200
Lloydminster_Core_Switch_01,86.08,5.19,200
Lloydminster_Core_Switch_01,54.83,0.64,200
Lloydminster_Core_Switch_01,63.32,2.64,200
Moose-Jaw_Core_Switch_01,26.64,2.62,200
Lloydminster_Core_Switch_01,49.6,2.89,200
Regina_Core_Switch_01,30.64,0.61,200
Lloydminster_Core_Switch_01,25.59,0.04,200
Prince-Albert_Core_Switch_01,42.36,2.68,200
Moose-Jaw_Core_Switch_01,46.15,0.31,200
Regina_Core_Switch_01,14.31,0.61,200
Moose-Jaw_Core_Switch_01,51.73,1.55,200
Moose-Jaw_Core_Switch_01,61.07,1.16,200
Regina_Core_Switch_01,39.35,1.06,200
Prince-Albert_Core_Switch_01,69.41,2.62,200
Regina_Core_Switch_01,16.11,1.66,200
Saskatoon_Core_Switch_01,46.63,1.88,200
Saskatoon_Core_Switch_01,62.67,1.17,200
Moose-Jaw_Core_Switch_01,55.25,1.39,200
Moose-Jaw_Core_Switch_01,55.62,0.23,200
Prince-Albert_Core_Switch_01,32.95,0.36,200
Lloydminster_Core_Switch_01,52.12,0.9,200
Lloydminster_Core_Switch_01,32.93,2.45,200
Lloydminster_Core_Switch_01,17.31,2.24,200
Lloydminster_Core_Switch_01,33.76,2.49,200
Prince-Albert_Core_Switch_01,32.45,1.94,200
Regina_Core_Switch_01,25.79,0.16,200
Saskatoon_Core_Switch_01,29.67,1.45,200
Regina_Core_Switch_01,26.09,2.33,200
Regina_Core_Switch_01,34.73,1.62,200
Saskatoon_Core_Switch_01,23.83,0.69,200
Saskatoon_Core_Switch_01,57.06,0.4,200
Prince-Albert_Core_Switch_01,33.65,2.75,200
Regina_Core_Switch_01,51.39,1.28,200
Lloydminster_Core_Switch_01,62.35,1.65,200
Regina_Core_Switch_01,48.94,2.91,200
Lloydminster_Core_Switch_01,55.17,0.99,200
Regina_Core_Switch_01,40.82,0.36,200
Moose-Jaw_Core_Switch_01,54.6,0.42,200
Moose-Jaw_Core_Switch_01,40.44,2.5,200
Regina_Core_Switch_01,18.67,1.87,200
Moose-Jaw_Core_Switch_01,66.63,2.52,200
Moose-Jaw_Core_Switch_01,24.08,1.88,200
Lloydminster_Core_Switch_01,10.82,0.27,200
Regina_Core_Switch_01,25.2,1.01,200
Saskatoon_Core_Switch_01,27.12,1.21,200
Regina_Core_Switch_01,45.43,2.46,200
Lloydminster_Core_Switch_01,26.76,1.36,200
Regina_Core_Switch_01,52.73,2.04,200
Lloydminster_Core_Switch_01,62.14,1.86,200
Saskatoon_Core_Switch_01,39.83,2.09,200
Saskatoon_Core_Switch_01,41.78,2.78,200
Moose-Jaw_Core_Switch_01,61.14,0.75,200
Saskatoon_Core_Switch_01,65.32,2.42,200
Moose-Jaw_Core_Switch_01,12.44,1.26,200
Prince-Albert_Core_Switch_01,63.23,1.95,200
Regina_Core_Switch_01,14.37,0.6,200
Moose-Jaw_Core_Switch_01,18.82,0.62,200
Saskatoon_Core_Switch_01,33.13,1.67,200
Prince-Albert_Core_Switch_01,27.37,1.49,200
Saskatoon_Core_Switch_01,25.1,1.31,200
Lloydminster_Core_Switch_01,52.12,1.58,200
Lloydminster_Core_Switch_01,44.59,2.51,200
Moose-Jaw_Core_Switch_01,22.07,0.28,200
Lloydminster_Core_Switch_01,30.81,1.26,200
Regina_Core_Switch_01,67.39,1.01,200
Prince-Albert_Core_Switch_01,69.34,0.41,200
Moose-Jaw_Core_Switch_01,14.37,2.07,429
Regina_Core_Switch_01,27.26,2.45,429
Saskatoon_Core_Switch_01,51.44,1.45,200
Moose-Jaw_Core_Switch_01,13.21,0.64,200
Saskatoon_Core_Switch_01,25.88,1.82,200
Saskatoon_Core_Switch_01,58.03,0.26,200
Saskatoon_Core_Switch_01,17.61,1.34,200
Regina_Core_Switch_01,43.56,0.14,200
Prince-Albert_Core_Switch_01,65.29,1.78,200
Moose-Jaw_Core_Switch_01,30.37,1.58,200
Prince-Albert_Core_Switch_01,32.27,2.05,200
Moose-Jaw_Core_Switch_01,69.82,0.22,200
Regina_Core_Switch_01,12.2,0.51,200
Regina_Core_Switch_01,34.62,1.54,200
Prince-Albert_Core_Switch_01,45.66,0.19,200
Saskatoon_Core_Switch_01,23.72,1.88,200
Lloydminster_Core_Switch_01,12.34,1.64,200
Lloydminster_Core_Switch_01,60.83,0.56,200
Lloydminster_Core_Switch_01,69.87,2.55,200
Regina_Core_Switch_01,47.26,2.29,200
Regina_Core_Switch_01,28.91,0.16,200
Prince-Albert_Core_Switch_01,56.27,1.32,200
Prince-Albert_Core_Switch_01,44.15,0.23,200
Lloydminster_Core_Switch_01,66.78,2.75,429
Prince-Albert_Core_Switch_01,20.68,0.64,503
Prince-Albert_Core_Switch_01,103.94,8.36,503
Saskatoon_Core_Switch_01,62.6,0.34,200
Moose-Jaw_Core_Switch_01,39.31,2.97,200
Moose-Jaw_Core_Switch_01,166.68,10.72,200
Regina_Core_Switch_01,24.61,1.4,200
Prince-Albert_Core_Switch_01,18.93,1.7,200
Saskatoon_Core_Switch_01,47.5,2.12,200
Moose-Jaw_Core_Switch_01,36.74,1.06,200
Saskatoon_Core_Switch_01,42.52,0.89,200
Saskatoon_Core_Switch_01,12.64,2.82,200
Prince-Albert_Core_Switch_01,44.53,2.33,503
Saskatoon_Core_Switch_01,53.37,1.21,429
Regina_Core_Switch_01,32.7,2.79,200
Saskatoon_Core_Switch_01,20.6,1.44,200
Lloydminster_Core_Switch_01,40.85,2.8,200
Moose-Jaw_Core_Switch_01,66.94,2.09,200
Prince-Albert_Core_Switch_01,64.78,2.19,200
Prince-Albert_Core_Switch_01,65.99,1.66,200
Saskatoon_Core_Switch_01,60.38,2.77,200
Prince-Albert_Core_Switch_01,60.25,0.36,200
Regina_Core_Switch_01,49.23,0.93,200
Moose-Jaw_Core_Switch_01,31.68,0.59,200
Lloydminster_Core_Switch_01,36.27,2.13,200
Regina_Core_Switch_01,45.0,0.47,429
Lloydminster_Core_Switch_01,54.0,2.94,200
Regina_Core_Switch_01,26.05,0.09,200
Moose-Jaw_Core_Switch_01,65.58,0.91,200
Regina_Core_Switch_01,18.99,0.13,200
Saskatoon_Core_Switch_01,57.68,1.0,200
Regina_Core_Switch_01,10.36,1.82,200
Regina_Core_Switch_01,37.23,1.37,200
Lloydminster_Core_Switch_01,63.37,1.17,200
Regina_Core_Switch_01,49.99,0.54,200
Moose-Jaw_Core_Switch_01,31.82,2.02,200
Saskatoon_Core_Switch_01,63.79,2.95,200
Lloydminster_Core_Switch_01,11.01,2.19,200
Moose-Jaw_Core_Switch_01,32.0,0.43,200
Lloydminster_Core_Switch_01,21.54,2.34,200
Moose-Jaw_Core_Switch_01,39.14,1.18,200
Saskatoon_Core_Switch_01,42.2,2.19,200
Moose-Jaw_Core_Switch_01,10.22,2.76,200
Saskatoon_Core_Switch_01,55.24,2.7,200
Moose-Jaw_Core_Switch_01,16.99,2.24,200
Moose-Jaw_Core_Switch_01,33.36,2.08,200
Moose-Jaw_Core_Switch_01,40.12,2.65,200
Prince-Albert_Core_Switch_01,47.01,2.14,200
Prince-Albert_Core_Switch_01,31.79,1.0,200
Regina_Core_Switch_01,18.4,0.88,200
Saskatoon_Core_Switch_01,33.56,1.04,200
Saskatoon_Core_Switch_01,20.51,2.93,200
Lloydminster_Core_Switch_01,30.88,2.45,200
Lloydminster_Core_Switch_01,62.23,0.09,200
Prince-Albert_Core_Switch_01,15.5,0.38,200
Moose-Jaw_Core_Switch_01,39.15,2.34,200
Saskatoon_Core_Switch_01,16.99,1.46,200
Regina_Core_Switch_01,21.25,0.49,200
Prince-Albert_Core_Switch_01,57.17,2.93,200
Moose-Jaw_Core_Switch_01,33.81,1.95,200
Moose-Jaw_Core_Switch_01,47.74,1.63,200
Moose-Jaw_Core_Switch_01,11.18,0.41,200
Regina_Core_Switch_01,41.04,0.18,200
Saskatoon_Core_Switch_01,50.81,0.93,200
Prince-Albert_Core_Switch_01,45.33,3.0,200
Moose-Jaw_Core_Switch_01,43.29,2.78,200
Lloydminster_Core_Switch_01,30.14,2.86,200
Saskatoon_Core_Switch_01,26.46,2.96,200
Lloydminster_Core_Switch_01,29.14,2.03,200
Saskatoon_Core_Switch_01,17.18,2.13,200
Prince-Albert_Core_Switch_01,24.75,1.27,200
Moose-Jaw_Core_Switch_01,33.52,1.62,200
Lloydminster_Core_Switch_01,68.02,2.09,200
Regina_Core_Switch_01,49.01,0.01,200
Prince-Albert_Core_Switch_01,59.77,2.31,200
Prince-Albert_Core_Switch_01,37.85,2.64,200
Regina_Core_Switch_01,36.56,0.67,200
Lloydminster_Core_Switch_01,66.96,2.89,200
Moose-Jaw_Core_Switch_01,18.66,0.09,200
Moose-Jaw_Core_Switch_01,281.54,15.28,200
Saskatoon_Core_Switch_01,51.99,0.99,200
Saskatoon_Core_Switch_01,12.12,0.78,200
Prince-Albert_Core_Switch_01,36.37,1.28,200
Saskatoon_Core_Switch_01,49.8,2.5,200
Regina_Core_Switch_01,27.32,2.12,429
Prince-Albert_Core_Switch_01,53.13,0.63,200
Lloydminster_Core_Switch_01,48.64,2.68,200
Regina_Core_Switch_01,29.27,1.16,200
Moose-Jaw_Core_Switch_01,44.21,2.08,200
Prince-Albert_Core_Switch_01,37.36,2.9,200
Lloydminster_Core_Switch_01,21.6,2.17,200
Regina_Core_Switch_01,24.74,0.36,200
Prince-Albert_Core_Switch_01,13.69,0.47,200
Prince-Albert_Core_Switch_01,25.03,1.83,429
Prince-Albert_Core_Switch_01,43.62,2.55,200
Moose-Jaw_Core_Switch_01,24.77,1.37,200
Lloydminster_Core_Switch_01,47.53,0.22,200
Regina_Core_Switch_01,38.59,0.82,200
Moose-Jaw_Core_Switch_01,32.01,2.21,200
Regina_Core_Switch_01,33.56,1.02,429
Moose-Jaw_Core_Switch_01,16.2,2.98,200
Prince-Albert_Core_Switch_01,59.83,2.35,200
Regina_Core_Switch_01,62.84,2.64,200
Lloydminster_Core_Switch_01,44.64,0.19,200
Lloydminster_Core_Switch_01,16.38,0.14,429
Saskatoon_Core_Switch_01,27.11,0.21,200
Regina_Core_Switch_01,52.36,0.41,200
Saskatoon_Core_Switch_01,11.66,0.3,200
Prince-Albert_Core_Switch_01,16.71,1.43,200
Prince-Albert_Core_Switch_01,62.03,2.02,200
Regina_Core_Switch_01,62.93,1.1,200
Regina_Core_Switch_01,19.7,0.47,200
Regina_Core_Switch_01,28.15,2.72,200
Regina_Core_Switch_01,19.01,1.0,200
Lloydminster_Core_Switch_01,10.64,1.61,200
Saskatoon_Core_Switch_01,43.16,0.39,200
Regina_Core_Switch_01,10.68,2.37,200
Saskatoon_Core_Switch_01,54.32,0.84,200
Regina_Core_Switch_01,51.79,1.2,429
Saskatoon_Core_Switch_01,30.35,0.81,200
Prince-Albert_Core_Switch_01,46.2,1.95,200
Prince-Albert_Core_Switch_01,16.85,1.68,200
Regina_Core_Switch_01,48.42,2.27,200
Moose-Jaw_Core_Switch_01,65.37,1.41,200
Lloydminster_Core_Switch_01,47.83,2.41,200
Prince-Albert_Core_Switch_01,44.85,1.88,200
Moose-Jaw_Core_Switch_01,50.96,2.22,200
Moose-Jaw_Core_Switch_01,44.81,2.61,200
Prince-Albert_Core_Switch_01,23.84,2.83,200
Prince-Albert_Core_Switch_01,56.15,2.14,200
Prince-Albert_Core_Switch_01,24.51,1.25,200
Regina_Core_Switch_01,17.99,2.82,200
Regina_Core_Switch_01,35.77,1.79,200
Lloydminster_Core_Switch_01,66.8,1.1,200
Saskatoon_Core_Switch_01,65.58,2.37,200
Prince-Albert_Core_Switch_01,20.57,1.47,200
Lloydminster_Core_Switch_01,13.41,2.6,200
Saskatoon_Core_Switch_01,45.61,0.85,200
Moose-Jaw_Core_Switch_01,33.06,2.34,200
Regina_Core_Switch_01,10.59,1.26,200
Moose-Jaw_Core_Switch_01,69.42,1.29,200
Lloydminster_Core_Switch_01,56.53,2.9,200
Lloydminster_Core_Switch_01,59.4,0.24,200
Moose-Jaw_Core_Switch_01,63.56,1.21,200
Lloydminster_Core_Switch_01,52.73,0.34,200
Prince-Albert_Core_Switch_01,26.74,1.27,200
Prince-Albert_Core_Switch_01,55.49,0.25,200
Lloydminster_Core_Switch_01,16.47,0.17,200
Moose-Jaw_Core_Switch_01,12.95,0.24,429
Regina_Core_Switch_01,37.58,0.5,200
Moose-Jaw_Core_Switch_01,40.02,0.51,200
Saskatoon_Core_Switch_01,10.73,0.99,200
Saskatoon_Core_Switch_01,20.47,2.77,200
Saskatoon_Core_Switch_01,50.95,1.5,200
Saskatoon_Core_Switch_01,16.91,1.86,200
Moose-Jaw_Core_Switch_01,62.59,2.4,200
Prince-Albert_Core_Switch_01,27.55,1.0,200
Saskatoon_Core_Switch_01,53.18,1.39,200
Lloydminster_Core_Switch_01,55.21,1.26,429
Regina_Core_Switch_01,47.13,0.89,200
Lloydminster_Core_Switch_01,10.43,1.76,200
Lloydminster_Core_Switch_01,42.66,2.06,200
Regina_Core_Switch_01,54.06,0.45,200
Prince-Albert_Core_Switch_01,63.5,0.58,200
Lloydminster_Core_Switch_01,14.42,0.43,200
Prince-Albert_Core_Switch_01,62.09,1.51,200
Lloydminster_Core_Switch_01,67.98,1.66,200
Moose-Jaw_Core_Switch_01,25.22,2.33,200
Prince-Albert_Core_Switch_01,37.89,2.89,200
Saskatoon_Core_Switch_01,62.78,1.93,200
Regina_Core_Switch_01,165.32,8.35,503
Lloydminster_Core_Switch_01,53.53,1.04,200
Regina_Core_Switch_01,15.83,1.64,200
Regina_Core_Switch_01,61.1,1.38,200
Prince-Albert_Core_Switch_01,298.07,15.93,503
Regina_Core_Switch_01,68.51,0.78,200
Prince-Albert_Core_Switch_01,44.09,1.67,200
Lloydminster_Core_Switch_01,12.97,2.03,200
Moose-Jaw_Core_Switch_01,26.58,1.37,200
Prince-Albert_Core_Switch_01,48.98,2.77,200
Regina_Core_Switch_01,17.28,0.2,200
Lloydminster_Core_Switch_01,52.75,2.52,429
Prince-Albert_Core_Switch_01,17.93,2.29,200
Prince-Albert_Core_Switch_01,55.87,0.08,200
Regina_Core_Switch_01,56.19,0.61,200
Moose-Jaw_Core_Switch_01,39.62,0.4,200
Prince-Albert_Core_Switch_01,68.48,1.66,200
Prince-Albert_Core_Switch_01,68.8,1.27,200
Prince-Albert_Core_Switch_01,51.72,2.96,200
Prince-Albert_Core_Switch_01,20.88,2.11,200
Prince-Albert_Core_Switch_01,44.8,1.86,200
Prince-Albert_Core_Switch_01,34.69,2.48,200
Prince-Albert_Core_Switch_01,26.13,0.76,200
Saskatoon_Core_Switch_01,18.13,0.22,200
Prince-Albert_Core_Switch_01,63.72,1.36,200
Lloydminster_Core_Switch_01,40.67,2.52,200
Prince-Albert_Core_Switch_01,42.17,0.63,200
Lloydminster_Core_Switch_01,45.6,2.71,200
Saskatoon_Core_Switch_01,30.66,1.78,200
Lloydminster_Core_Switch_01,12.09,1.09,200
Prince-Albert_Core_Switch_01,67.67,1.44,200
Moose-Jaw_Core_Switch_01,43.23,2.6,429
Saskatoon_Core_Switch_01,24.49,2.72,200
Prince-Albert_Core_Switch_01,53.54,2.75,200
Saskatoon_Core_Switch_01,43.9,1.14,200
Regina_Core_Switch_01,48.47,1.58,200
Lloydminster_Core_Switch_01,30.48,2.72,200
Saskatoon_Core_Switch_01,18.77,1.21,200
Prince-Albert_Core_Switch_01,10.5,2.06,200
Lloydminster_Core_Switch_01,45.44,2.96,200
Prince-Albert_Core_Switch_01,12.09,0.05,200
Prince-Albert_Core_Switch_01,68.34,2.03,200
Lloydminster_Core_Switch_01,38.68,0.44,429
Saskatoon_Core_Switch_01,43.25,0.8,200
Prince-Albert_Core_Switch_01,68.02,1.15,200
Prince-Albert_Core_Switch_01,42.86,1.07,200
Regina_Core_Switch_01,45.1,1.28,200
Moose-Jaw_Core_Switch_01,31.01,0.31,200
Regina_Core_Switch_01,38.19,0.67,200
Lloydminster_Core_Switch_01,39.85,2.67,200
Saskatoon_Core_Switch_01,27.44,1.88,200
Saskatoon_Core_Switch_01,55.18,1.23,200
Lloydminster_Core_Switch_01,33.27,0.59,200
Prince-Albert_Core_Switch_01,12.59,0.04,200
Prince-Albert_Core_Switch_01,44.63,1.26,200
Saskatoon_Core_Switch_01,23.04,2.16,200
Regina_Core_Switch_01,28.55,2.23,200
Moose-Jaw_Core_Switch_01,60.94,2.43,200
Lloydminster_Core_Switch_01,14.71,2.34,200
Lloydminster_Core_Switch_01,65.17,0.5,200
Regina_Core_Switch_01,47.17,2.3,200
Lloydminster_Core_Switch_01,52.08,0.9,200
Moose-Jaw_Core_Switch_01,26.57,0.5,200
Prince-Albert_Core_Switch_01,58.6,0.41,200
Lloydminster_Core_Switch_01,34.54,1.48,200
Lloydminster_Core_Switch_01,51.18,1.29,200
Prince-Albert_Core_Switch_01,40.93,0.78,200
Moose-Jaw_Core_Switch_01,35.49,1.61,200
Saskatoon_Core_Switch_01,41.6,0.66,200
Lloydminster_Core_Switch_01,30.9,0.54,200
Prince-Albert_Core_Switch_01,66.03,1.03,200
Lloydminster_Core_Switch_01,45.1,0.04,200
Moose-Jaw_Core_Switch_01,43.43,1.32,200
Saskatoon_Core_Switch_01,68.16,1.64,200
Lloydminster_Core_Switch_01,51.03,1.1,200
Regina_Core_Switch_01,27.23,1.21,200
Prince-Albert_Core_Switch_01,43.27,2.43,200
Saskatoon_Core_Switch_01,61.75,2.11,200
Regina_Core_Switch_01,18.82,0.1,429
Moose-Jaw_Core_Switch_01,60.23,2.31,200
Saskatoon_Core_Switch_01,39.07,1.75,429
Regina_Core_Switch_01,67.61,2.57,200
Saskatoon_Core_Switch_01,68.51,2.8,200
Lloydminster_Core_Switch_01,42.39,1.03,200
Prince-Albert_Core_Switch_01,58.78,1.59,200
Saskatoon_Core_Switch_01,63.58,1.33,200
Prince-Albert_Core_Switch_01,101.29,6.38,503
Prince-Albert_Core_Switch_01,39.5,1.97,200
Prince-Albert_Core_Switch_01,28.25,1.08,429
Regina_Core_Switch_01,64.55,1.07,200
Prince-Albert_Core_Switch_01,34.9,0.58,200
Regina_Core_Switch_01,50.55,0.65,429
Saskatoon_Core_Switch_01,26.94,1.7,200
Prince-Albert_Core_Switch_01,67.13,1.73,200
Prince-Albert_Core_Switch_01,49.84,0.61,200
Regina_Core_Switch_01,25.11,1.88,200
Prince-Albert_Core_Switch_01,58.77,0.11,200
Regina_Core_Switch_01,63.89,2.94,200
Moose-Jaw_Core_Switch_01,28.21,2.11,200
Prince-Albert_Core_Switch_01,54.65,1.02,200
Saskatoon_Core_Switch_01,23.03,2.62,200
Moose-Jaw_Core_Switch_01,34.68,1.37,429
Saskatoon_Core_Switch_01,19.75,2.7,200
Saskatoon_Core_Switch_01,26.6,0.61,200
Regina_Core_Switch_01,38.43,0.13,200
Regina_Core_Switch_01,23.63,2.07,200
Moose-Jaw_Core_Switch_01,23.23,0.68,200
Regina_Core_Switch_01,46.88,1.6,200
Moose-Jaw_Core_Switch_01,52.92,2.25,200
Saskatoon_Core_Switch_01,59.46,1.55,200
Regina_Core_Switch_01,23.98,2.66,200
Prince-Albert_Core_Switch_01,30.25,1.25,200
Lloydminster_Core_Switch_01,24.39,1.36,200
Saskatoon_Core_Switch_01,19.55,0.51,200
Regina_Core_Switch_01,121.15,4.33,503
Saskatoon_Core_Switch_01,56.39,1.32,200
Moose-Jaw_Core_Switch_01,29.66,2.42,200
Prince-Albert_Core_Switch_01,34.53,1.15,200
Prince-Albert_Core_Switch_01,35.42,2.01,200
Prince-Albert_Core_Switch_01,48.59,2.74,200
Moose-Jaw_Core_Switch_01,39.44,2.24,200
Moose-Jaw_Core_Switch_01,29.76,2.8,200
Prince-Albert_Core_Switch_01,60.36,1.86,200
Lloydminster_Core_Switch_01,62.92,2.89,200
Moose-Jaw_Core_Switch_01,11.56,0.31,200
Regina_Core_Switch_01,11.25,0.26,200
Prince-Albert_Core_Switch_01,45.88,1.0,200
Regina_Core_Switch_01,20.48,0.99,200
Prince-Albert_Core_Switch_01,13.81,1.13,200
Regina_Core_Switch_01,18.14,2.48,200
Regina_Core_Switch_01,26.92,2.66,200
Regina_Core_Switch_01,26.75,1.76,200
Moose-Jaw_Core_Switch_01,35.91,0.65,200
Regina_Core_Switch_01,38.2,1.11,200
Regina_Core_Switch_01,34.28,2.09,200
Prince-Albert_Core_Switch_01,28.48,1.98,200
Lloydminster_Core_Switch_01,31.96,0.55,200
Moose-Jaw_Core_Switch_01,53.85,1.57,200
Prince-Albert_Core_Switch_01,60.64,1.64,200
Lloydminster_Core_Switch_01,66.45,0.94,200
Saskatoon_Core_Switch_01,58.35,2.11,200
Prince-Albert_Core_Switch_01,49.29,2.62,200
Lloydminster_Core_Switch_01,56.94,0.79,200
Lloydminster_Core_Switch_01,29.1,2.13,200
Prince-Albert_Core_Switch_01,35.9,0.87,200
Saskatoon_Core_Switch_01,40.52,2.84,200
Saskatoon_Core_Switch_01,31.71,2.92,200
Prince-Albert_Core_Switch_01,13.52,1.02,200
Saskatoon_Core_Switch_01,28.52,2.56,200
Prince-Albert_Core_Switch_01,41.72,2.12,200
Regina_Core_Switch_01,54.48,0.34,200
Moose-Jaw_Core_Switch_01,55.83,0.69,200
Saskatoon_Core_Switch_01,57.47,2.44,200
Lloydminster_Core_Switch_01,11.92,0.3,200
Saskatoon_Core_Switch_01,26.1,2.41,200
Lloydminster_Core_Switch_01,29.14,1.15,200
Moose-Jaw_Core_Switch_01,67.44,2.91,200
Lloydminster_Core_Switch_01,39.54,0.75,200
Prince-Albert_Core_Switch_01,28.43,0.93,200
Lloydminster_Core_Switch_01,25.52,1.12,200
Regina_Core_Switch_01,21.02,2.47,429
Regina_Core_Switch_01,51.77,0.65,200
Regina_Core_Switch_01,19.05,0.8,200
Regina_Core_Switch_01,59.08,0.43,200
Moose-Jaw_Core_Switch_01,68.0,2.27,200
Saskatoon_Core_Switch_01,14.96,0.81,200
Moose-Jaw_Core_Switch_01,60.22,0.67,200
Moose-Jaw_Core_Switch_01,13.86,2.26,200
Prince-Albert_Core_Switch_01,59.54,2.08,200
Saskatoon_Core_Switch_01,27.41,0.72,200
Prince-Albert_Core_Switch_01,34.29,1.17,200
Lloydminster_Core_Switch_01,66.78,2.43,200
Moose-Jaw_Core_Switch_01,66.3,0.8,200
Saskatoon_Core_Switch_01,36.91,1.22,200
Prince-Albert_Core_Switch_01,213.66,4.41,200
Prince-Albert_Core_Switch_01,50.1,0.5,200
Moose-Jaw_Core_Switch_01,46.13,2.96,429
Lloydminster_Core_Switch_01,24.78,2.81,200
Moose-Jaw_Core_Switch_01,39.92,2.72,200
Regina_Core_Switch_01,29.01,0.32,429
Prince-Albert_Core_Switch_01,46.92,0.24,200
Saskatoon_Core_Switch_01,67.74,2.2,429
Saskatoon_Core_Switch_01,25.77,0.41,200
Lloydminster_Core_Switch_01,32.75,2.56,200
Lloydminster_Core_Switch_01,48.52,1.98,200
Regina_Core_Switch_01,25.5,0.1,200
Regina_Core_Switch_01,46.21,1.61,200
Saskatoon_Core_Switch_01,23.28,0.32,200
Regina_Core_Switch_01,22.29,1.87,200
Lloydminster_Core_Switch_01,53.86,2.91,200
Moose-Jaw_Core_Switch_01,33.3,0.05,429
Regina_Core_Switch_01,187.97,12.37,503
Saskatoon_Core_Switch_01,58.52,0.04,200
Prince-Albert_Core_Switch_01,37.08,2.18,200
Lloydminster_Core_Switch_01,51.64,0.86,200
Regina_Core_Switch_01,38.22,2.03,200
Moose-Jaw_Core_Switch_01,13.57,0.13,200
Lloydminster_Core_Switch_01,25.75,0.32,200
Moose-Jaw_Core_Switch_01,61.14,0.46,200
Lloydminster_Core_Switch_01,58.97,2.13,200
Lloydminster_Core_Switch_01,38.84,1.68,200
Lloydminster_Core_Switch_01,53.49,1.32,200
Lloydminster_Core_Switch_01,16.62,0.71,200
Regina_Core_Switch_01,67.75,2.35,200
Saskatoon_Core_Switch_01,183.44,13.49,504
Saskatoon_Core_Switch_01,26.4,2.31,200
Prince-Albert_Core_Switch_01,20.04,2.4,200
Lloydminster_Core_Switch_01,65.27,2.66,200
Saskatoon_Core_Switch_01,59.88,2.33,200
Lloydminster_Core_Switch_01,39.92,2.2,200
Saskatoon_Core_Switch_01,53.41,2.59,200
Moose-Jaw_Core_Switch_01,59.87,2.61,200
Lloydminster_Core_Switch_01,37.65,2.57,200
Regina_Core_Switch_01,66.81,1.25,200
Saskatoon_Core_Switch_01,33.27,0.03,200
Regina_Core_Switch_01,12.69,2.68,200
Prince-Albert_Core_Switch_01,66.43,1.25,200
Saskatoon_Core_Switch_01,27.0,0.17,429
Prince-Albert_Core_Switch_01,51.73,1.05,200
Regina_Core_Switch_01,52.44,2.84,200
Regina_Core_Switch_01,43.32,0.87,200
Moose-Jaw_Core_Switch_01,45.48,2.28,200
Regina_Core_Switch_01,42.43,1.24,200
Prince-Albert_Core_Switch_01,21.88,0.81,200
Saskatoon_Core_Switch_01,18.96,0.59,200
Lloydminster_Core_Switch_01,28.88,2.75,200
Saskatoon_Core_Switch_01,49.61,1.96,200
Prince-Albert_Core_Switch_01,25.17,1.45,200
Saskatoon_Core_Switch_01,46.68,0.96,200
Prince-Albert_Core_Switch_01,26.37,1.12,200
Prince-Albert_Core_Switch_01,38.49,0.06,200
Saskatoon_Core_Switch_01,46.39,0.08,200
Moose-Jaw_Core_Switch_01,37.7,0.11,200
Regina_Core_Switch_01,37.95,2.39,200
Regina_Core_Switch_01,49.31,1.39,200
Moose-Jaw_Core_Switch_01,56.52,0.59,200
Lloydminster_Core_Switch_01,65.26,1.71,200
Regina_Core_Switch_01,21.25,1.22,200
Prince-Albert_Core_Switch_01,35.74,0.69,200
Regina_Core_Switch_01,52.97,1.42,200
Lloydminster_Core_Switch_01,51.23,1.6,200
Moose-Jaw_Core_Switch_01,42.31,2.44,200
Saskatoon_Core_Switch_01,39.94,0.36,200
Saskatoon_Core_Switch_01,56.73,0.04,200
Prince-Albert_Core_Switch_01,18.21,2.2,200
Lloydminster_Core_Switch_01,37.04,0.84,200
Lloydminster_Core_Switch_01,12.65,2.33,200
Moose-Jaw_Core_Switch_01,57.55,2.61,200
Moose-Jaw_Core_Switch_01,30.44,1.18,200
Lloydminster_Core_Switch_01,17.43,1.53,200
Lloydminster_Core_Switch_01,40.09,0.67,200
Saskatoon_Core_Switch_01,29.21,1.36,200
Lloydminster_Core_Switch_01,14.05,1.38,200
Regina_Core_Switch_01,26.91,0.45,200
Regina_Core_Switch_01,49.23,2.44,200
Prince-Albert_Core_Switch_01,46.14,1.54,200
Prince-Albert_Core_Switch_01,27.13,0.0,200
Lloydminster_Core_Switch_01,12.13,0.02,200
Prince-Albert_Core_Switch_01,68.32,0.83,200
Moose-Jaw_Core_Switch_01,38.0,2.51,200
Lloydminster_Core_Switch_01,29.14,2.67,200
Regina_Core_Switch_01,65.96,1.96,200
Lloydminster_Core_Switch_01,39.56,0.48,200
Regina_Core_Switch_01,11.74,1.33,200
Moose-Jaw_Core_Switch_01,42.74,1.6,429
Lloydminster_Core_Switch_01,53.93,0.15,200
Lloydminster_Core_Switch_01,52.95,1.96,200
Prince-Albert_Core_Switch_01,12.97,2.27,200
Regina_Core_Switch_01,38.96,1.98,200
Moose-Jaw_Core_Switch_01,18.62,2.89,200
Lloydminster_Core_Switch_01,33.13,0.07,200
Regina_Core_Switch_01,41.01,2.08,200
Prince-Albert_Core_Switch_01,47.9,0.2,200
Lloydminster_Core_Switch_01,19.98,1.45,200
Regina_Core_Switch_01,20.16,0.2,200
Moose-Jaw_Core_Switch_01,23.86,1.31,200
Regina_Core_Switch_01,10.93,0.6,200
Regina_Core_Switch_01,50.5,1.03,200
Regina_Core_Switch_01,47.21,0.05,200
Moose-Jaw_Core_Switch_01,38.8,1.63,200
Moose-Jaw_Core_Switch_01,22.58,2.72,200
Saskatoon_Core_Switch_01,19.05,1.62,200
Prince-Albert_Core_Switch_01,28.03,2.86,200
Moose-Jaw_Core_Switch_01,56.25,1.58,200
Moose-Jaw_Core_Switch_01,13.97,1.27,200
Lloydminster_Core_Switch_01,64.36,2.4,200
Moose-Jaw_Core_Switch_01,17.15,2.27,200
Regina_Core_Switch_01,38.88,1.45,200
Saskatoon_Core_Switch_01,68.06,0.51,200
Regina_Core_Switch_01,68.43,1.06,200
Lloydminster_Core_Switch_01,33.14,0.29,200
Prince-Albert_Core_Switch_01,38.98,2.37,200
Lloydminster_Core_Switch_01,65.86,2.44,200
Regina_Core_Switch_01,23.68,2.55,200
Lloydminster_Core_Switch_01,43.58,2.59,200
Regina_Core_Switch_01,25.22,0.44,200
Moose-Jaw_Core_Switch_01,28.48,1.75,200
Moose-Jaw_Core_Switch_01,59.12,0.16,429
Saskatoon_Core_Switch_01,24.58,1.17,200
Saskatoon_Core_Switch_01,49.28,1.26,200
Prince-Albert_Core_Switch_01,56.88,0.89,200
Moose-Jaw_Core_Switch_01,38.82,2.34,200
Moose-Jaw_Core_Switch_01,52.83,1.64,200
Moose-Jaw_Core_Switch_01,16.69,1.25,200
Prince-Albert_Core_Switch_01,45.98,2.51,200
Regina_Core_Switch_01,12.29,1.85,200
Prince-Albert_Core_Switch_01,64.78,1.62,200
Prince-Albert_Core_Switch_01,18.48,0.26,200
Prince-Albert_Core_Switch_01,11.94,1.65,200
Saskatoon_Core_Switch_01,51.16,0.38,200
Lloydminster_Core_Switch_01,31.83,0.51,200
Regina_Core_Switch_01,27.08,0.44,200
Saskatoon_Core_Switch_01,53.92,1.89,200
Moose-Jaw_Core_Switch_01,11.45,0.93,200
Saskatoon_Core_Switch_01,48.71,2.56,200
Lloydminster_Core_Switch_01,67.98,0.53,200
Prince-Albert_Core_Switch_01,27.48,1.93,200
Moose-Jaw_Core_Switch_01,13.52,2.37,200
Regina_Core_Switch_01,46.08,0.97,200
Regina_Core_Switch_01,52.28,2.52,429
Prince-Albert_Core_Switch_01,33.54,0.82,200
Moose-Jaw_Core_Switch_01,30.26,1.31,200
Prince-Albert_Core_Switch_01,18.54,2.27,200
Lloydminster_Core_Switch_01,27.71,1.68,200
Prince-Albert_Core_Switch_01,38.21,0.27,200
Moose-Jaw_Core_Switch_01,17.88,1.93,200
Saskatoon_Core_Switch_01,33.51,1.91,200
Saskatoon_Core_Switch_01,51.74,1.72,200
Prince-Albert_Core_Switch_01,20.5,0.51,429
Saskatoon_Core_Switch_01,25.02,0.54,200
Moose-Jaw_Core_Switch_01,35.38,2.93,429
Moose-Jaw_Core_Switch_01,65.77,2.3,200
Moose-Jaw_Core_Switch_01,50.36,2.53,200
Saskatoon_Core_Switch_01,25.12,0.52,200
Lloydminster_Core_Switch_01,16.18,1.13,200
Regina_Core_Switch_01,62.02,2.16,200
Saskatoon_Core_Switch_01,33.05,1.04,200
Regina_Core_Switch_01,53.97,2.95,200
Prince-Albert_Core_Switch_01,35.82,1.71,200
Regina_Core_Switch_01,46.48,2.09,200
Regina_Core_Switch_01,242.38,15.68,504
Moose-Jaw_Core_Switch_01,42.94,2.59,200
Prince-Albert_Core_Switch_01,130.18,17.04,503
Regina_Core_Switch_01,10.15,2.22,200
Moose-Jaw_Core_Switch_01,69.77,2.23,200
Moose-Jaw_Core_Switch_01,38.3,2.18,200
Prince-Albert_Core_Switch_01,29.51,1.02,200
Lloydminster_Core_Switch_01,18.95,2.96,503
Moose-Jaw_Core_Switch_01,65.31,1.57,200
Lloydminster_Core_Switch_01,16.86,0.12,200
Lloydminster_Core_Switch_01,27.51,0.19,200
Moose-Jaw_Core_Switch_01,49.65,2.45,200
Prince-Albert_Core_Switch_01,85.01,11.63,503
Regina_Core_Switch_01,40.48,0.94,200
Moose-Jaw_Core_Switch_01,44.87,1.0,200
Prince-Albert_Core_Switch_01,16.68,1.59,200
Prince-Albert_Core_Switch_01,44.89,0.83,200
Regina_Core_Switch_01,12.23,0.57,429
Regina_Core_Switch_01,66.97,1.02,200
Prince-Albert_Core_Switch_01,43.78,1.45,200
Lloydminster_Core_Switch_01,42.7,2.34,200
Saskatoon_Core_Switch_01,56.29,2.03,200
Regina_Core_Switch_01,56.12,2.14,200
Prince-Albert_Core_Switch_01,55.14,1.48,200
Prince-Albert_Core_Switch_01,17.35,2.05,200
Moose-Jaw_Core_Switch_01,32.03,0.91,200
Lloydminster_Core_Switch_01,34.36,0.8,429
Regina_Core_Switch_01,64.31,2.83,200
Lloydminster_Core_Switch_01,27.06,0.75,200
Saskatoon_Core_Switch_01,57.07,1.46,200
Lloydminster_Core_Switch_01,34.07,1.63,200
Moose-Jaw_Core_Switch_01,51.13,2.18,200
Prince-Albert_Core_Switch_01,173.52,16.05,200
Moose-Jaw_Core_Switch_01,63.31,0.9,200
Lloydminster_Core_Switch_01,37.32,1.9,200
Regina_Core_Switch_01,23.87,0.55,200
Lloydminster_Core_Switch_01,29.52,0.2,200
Moose-Jaw_Core_Switch_01,13.66,1.78,200
Moose-Jaw_Core_Switch_01,25.99,0.35,200
Saskatoon_Core_Switch_01,69.64,0.78,200
Moose-Jaw_Core_Switch_01,57.05,1.36,200
Prince-Albert_Core_Switch_01,32.59,0.95,429
Lloydminster_Core_Switch_01,32.2,1.46,429
Lloydminster_Core_Switch_01,43.48,1.37,200
Moose-Jaw_Core_Switch_01,40.61,2.61,200
Regina_Core_Switch_01,58.58,0.51,200
Saskatoon_Core_Switch_01,37.54,0.05,200
Lloydminster_Core_Switch_01,56.51,0.24,200
Saskatoon_Core_Switch_01,56.11,0.05,200
Lloydminster_Core_Switch_01,60.78,1.53,200
Lloydminster_Core_Switch_01,56.78,1.89,200
Lloydminster_Core_Switch_01,38.44,0.89,200
Prince-Albert_Core_Switch_01,58.2,2.56,200
Moose-Jaw_Core_Switch_01,13.73,2.72,200
Lloydminster_Core_Switch_01,16.09,2.17,200
Saskatoon_Core_Switch_01,15.14,1.71,200
Prince-Albert_Core_Switch_01,35.21,2.61,200
Lloydminster_Core_Switch_01,18.97,2.53,200
Regina_Core_Switch_01,36.12,1.8,200
Saskatoon_Core_Switch_01,64.19,2.08,200
Regina_Core_Switch_01,25.15,0.17,200
Moose-Jaw_Core_Switch_01,52.98,1.85,200
Saskatoon_Core_Switch_01,67.26,2.05,200
Prince-Albert_Core_Switch_01,47.41,1.8,200
Prince-Albert_Core_Switch_01,31.66,2.77,200
Regina_Core_Switch_01,17.14,2.68,200
Regina_Core_Switch_01,36.78,2.18,429
Regina_Core_Switch_01,44.61,0.62,200
Prince-Albert_Core_Switch_01,52.31,1.37,200
Moose-Jaw_Core_Switch_01,31.0,2.66,200
Lloydminster_Core_Switch_01,17.11,0.77,200
Lloydminster_Core_Switch_01,67.99,1.24,200
Lloydminster_Core_Switch_01,24.84,2.84,200
Moose-Jaw_Core_Switch_01,63.84,2.37,200
Lloydminster_Core_Switch_01,40.44,1.34,200
Moose-Jaw_Core_Switch_01,64.85,1.48,200
Moose-Jaw_Core_Switch_01,43.18,2.6,200
Regina_Core_Switch_01,63.26,2.5,200
Regina_Core_Switch_01,61.63,0.05,200
Moose-Jaw_Core_Switch_01,25.06,2.1,200
Moose-Jaw_Core_Switch_01,50.6,2.7,429
Prince-Albert_Core_Switch_01,38.41,2.02,200
Prince-Albert_Core_Switch_01,48.4,2.68,200
Regina_Core_Switch_01,51.96,0.2,200
Lloydminster_Core_Switch_01,44.31,0.98,200
Lloydminster_Core_Switch_01,46.27,0.83,429
Moose-Jaw_Core_Switch_01,21.51,2.31,200
Regina_Core_Switch_01,60.14,0.07,200
Prince-Albert_Core_Switch_01,58.47,2.53,200
Moose-Jaw_Core_Switch_01,53.86,2.14,200
Prince-Albert_Core_Switch_01,58.67,0.27,200
Moose-Jaw_Core_Switch_01,18.2,1.39,200
Moose-Jaw_Core_Switch_01,55.87,0.45,200
Moose-Jaw_Core_Switch_01,59.21,2.38,200
Saskatoon_Core_Switch_01,11.0,2.03,200
Moose-Jaw_Core_Switch_01,68.58,0.14,200
Lloydminster_Core_Switch_01,18.36,0.56,200
Prince-Albert_Core_Switch_01,37.77,0.46,200
Prince-Albert_Core_Switch_01,37.44,1.28,200
Regina_Core_Switch_01,64.9,1.5,200
Regina_Core_Switch_01,33.52,2.07,200
Saskatoon_Core_Switch_01,53.58,2.24,200
Prince-Albert_Core_Switch_01,56.35,0.52,200
Prince-Albert_Core_Switch_01,64.98,2.22,200
Saskatoon_Core_Switch_01,41.87,1.9,200
Prince-Albert_Core_Switch_01,21.17,2.11,200
Prince-Albert_Core_Switch_01,47.4,2.83,200
Regina_Core_Switch_01,37.17,2.52,200
Lloydminster_Core_Switch_01,53.45,0.36,200
Regina_Core_Switch_01,42.49,2.73,200
Regina_Core_Switch_01,24.78,2.83,200
Lloydminster_Core_Switch_01,39.13,2.85,200
Prince-Albert_Core_Switch_01,57.45,2.54,200
Moose-Jaw_Core_Switch_01,55.27,2.14,200
Moose-Jaw_Core_Switch_01,59.52,2.28,200
Moose-Jaw_Core_Switch_01,40.21,0.35,200
Regina_Core_Switch_01,38.17,2.98,200
Lloydminster_Core_Switch_01,67.82,0.06,200
Lloydminster_Core_Switch_01,69.06,1.31,200
Prince-Albert_Core_Switch_01,63.09,2.47,200
Lloydminster_Core_Switch_01,16.24,2.99,200
Prince-Albert_Core_Switch_01,53.0,0.2,200
Saskatoon_Core_Switch_01,46.28,1.11,200
Saskatoon_Core_Switch_01,40.18,2.44,200
Regina_Core_Switch_01,60.59,1.24,200
Prince-Albert_Core_Switch_01,37.09,1.56,200
Prince-Albert_Core_Switch_01,20.69,1.6,200
Prince-Albert_Core_Switch_01,36.06,0.37,200
Lloydminster_Core_Switch_01,34.71,1.63,200
Prince-Albert_Core_Switch_01,41.46,0.01,200
Lloydminster_Core_Switch_01,26.29,2.79,200
Lloydminster_Core_Switch_01,18.5,1.11,200
Prince-Albert_Core_Switch_01,67.5,1.55,200
Regina_Core_Switch_01,45.37,1.33,200
Moose-Jaw_Core_Switch_01,64.66,0.16,200
Prince-Albert_Core_Switch_01,64.07,0.03,200
Regina_Core_Switch_01,58.81,2.92,200
Lloydminster_Core_Switch_01,38.14,1.34,200
Regina_Core_Switch_01,66.27,2.08,200
Saskatoon_Core_Switch_01,48.57,0.89,200
Regina_Core_Switch_01,19.83,2.41,200
Regina_Core_Switch_01,46.92,2.29,200
Lloydminster_Core_Switch_01,14.43,0.01,200
Prince-Albert_Core_Switch_01,231.55,8.14,504
Regina_Core_Switch_01,47.75,2.85,200
Lloydminster_Core_Switch_01,41.6,1.74,200
Moose-Jaw_Core_Switch_01,14.28,0.43,200
Regina_Core_Switch_01,24.81,1.19,200
Saskatoon_Core_Switch_01,34.16,0.99,200
Moose-Jaw_Core_Switch_01,16.56,2.1,200
Lloydminster_Core_Switch_01,11.63,1.39,200
Prince-Albert_Core_Switch_01,35.06,2.79,200
Moose-Jaw_Core_Switch_01,24.15,0.9,200
Regina_Core_Switch_01,49.61,0.31,200
Lloydminster_Core_Switch_01,28.0,0.17,200
Saskatoon_Core_Switch_01,47.45,1.64,200
Prince-Albert_Core_Switch_01,39.12,1.19,200
Regina_Core_Switch_01,17.66,1.9,200
Saskatoon_Core_Switch_01,45.79,2.66,200
Saskatoon_Core_Switch_01,13.3,1.13,200
Prince-Albert_Core_Switch_01,60.09,1.64,200
Moose-Jaw_Core_Switch_01,17.98,0.98,200
Lloydminster_Core_Switch_01,69.03,2.1,200
Regina_Core_Switch_01,43.99,1.47,200
Moose-Jaw_Core_Switch_01,24.08,0.8,200
Lloydminster_Core_Switch_01,56.02,2.56,200
Prince-Albert_Core_Switch_01,24.81,1.58,200
Saskatoon_Core_Switch_01,62.74,1.02,200
Lloydminster_Core_Switch_01,17.78,0.0,200
Saskatoon_Core_Switch_01,52.33,2.05,200
Prince-Albert_Core_Switch_01,56.56,2.74,200
Lloydminster_Core_Switch_01,40.97,1.38,200
Lloydminster_Core_Switch_01,15.85,2.91,200
Lloydminster_Core_Switch_01,65.69,0.77,200
Lloydminster_Core_Switch_01,41.27,2.56,200
Saskatoon_Core_Switch_01,67.05,0.39,200
Moose-Jaw_Core_Switch_01,36.19,2.56,200
Lloydminster_Core_Switch_01,29.58,2.48,200
Moose-Jaw_Core_Switch_01,29.73,0.8,200
Saskatoon_Core_Switch_01,32.79,1.92,200
Moose-Jaw_Core_Switch_01,30.94,1.32,200
Regina_Core_Switch_01,42.34,2.36,200
Prince-Albert_Core_Switch_01,10.37,1.34,200
Regina_Core_Switch_01,38.35,0.36,200
Lloydminster_Core_Switch_01,37.58,0.64,200
Lloydminster_Core_Switch_01,49.75,0.28,200
Prince-Albert_Core_Switch_01,33.61,0.17,200
Moose-Jaw_Core_Switch_01,65.96,0.36,200
Moose-Jaw_Core_Switch_01,30.74,2.61,200
Regina_Core_Switch_01,41.81,1.41,429
Saskatoon_Core_Switch_01,43.19,1.28,200
Moose-Jaw_Core_Switch_01,36.09,0.09,200
Prince-Albert_Core_Switch_01,58.1,2.6,200
Saskatoon_Core_Switch_01,21.08,1.88,200
Lloydminster_Core_Switch_01,10.53,0.19,200
Saskatoon_Core_Switch_01,60.63,1.15,200
Saskatoon_Core_Switch_01,43.0,0.17,200
Prince-Albert_Core_Switch_01,55.27,2.54,200
Prince-Albert_Core_Switch_01,56.71,2.74,200
Lloydminster_Core_Switch_01,20.48,1.53,200
Regina_Core_Switch_01,68.57,2.36,200
Moose-Jaw_Core_Switch_01,24.91,1.48,200
Lloydminster_Core_Switch_01,24.08,2.54,200
Regina_Core_Switch_01,49.17,0.24,429
Prince-Albert_Core_Switch_01,19.51,1.32,200
Prince-Albert_Core_Switch_01,12.74,0.02,200
Saskatoon_Core_Switch_01,40.08,2.91,503
Prince-Albert_Core_Switch_01,13.02,2.18,200
Lloydminster_Core_Switch_01,50.87,1.36,200
Saskatoon_Core_Switch_01,69.22,2.7,200
Regina_Core_Switch_01,39.53,2.66,200
Prince-Albert_Core_Switch_01,30.32,2.03,200
Saskatoon_Core_Switch_01,33.87,2.22,200
Lloydminster_Core_Switch_01,16.16,0.58,200
Regina_Core_Switch_01,12.6,0.97,200
Prince-Albert_Core_Switch_01,19.89,0.87,200
Saskatoon_Core_Switch_01,67.78,0.34,200
Lloydminster_Core_Switch_01,43.02,2.79,200
Saskatoon_Core_Switch_01,44.21,2.86,200
Regina_Core_Switch_01,45.01,2.67,200
Prince-Albert_Core_Switch_01,40.08,2.87,200
Saskatoon_Core_Switch_01,34.1,2.8,200
Moose-Jaw_Core_Switch_01,26.02,0.58,200
Moose-Jaw_Core_Switch_01,10.98,1.05,429
Moose-Jaw_Core_Switch_01,59.84,2.47,200
Lloydminster_Core_Switch_01,32.49,2.69,200
Moose-Jaw_Core_Switch_01,41.54,1.93,200
Regina_Core_Switch_01,32.36,0.9,200
Moose-Jaw_Core_Switch_01,59.46,2.15,200
Regina_Core_Switch_01,15.42,0.5,200
Moose-Jaw_Core_Switch_01,13.87,1.93,200
Prince-Albert_Core_Switch_01,57.42,2.64,200
Prince-Albert_Core_Switch_01,53.36,2.42,200
Prince-Albert_Core_Switch_01,16.06,0.56,200
Saskatoon_Core_Switch_01,62.85,0.68,200
Regina_Core_Switch_01,54.52,2.4,200
Moose-Jaw_Core_Switch_01,65.53,2.69,200
Prince-Albert_Core_Switch_01,23.66,2.33,200
Saskatoon_Core_Switch_01,25.86,2.22,200
Prince-Albert_Core_Switch_01,25.28,0.42,200
Regina_Core_Switch_01,27.43,1.8,200
Saskatoon_Core_Switch_01,66.02,1.38,200
Moose-Jaw_Core_Switch_01,28.53,2.91,200
Saskatoon_Core_Switch_01,14.07,2.18,200
Prince-Albert_Core_Switch_01,44.29,1.18,200
Lloydminster_Core_Switch_01,51.08,2.18,200
Saskatoon_Core_Switch_01,35.79,1.96,200
Regina_Core_Switch_01,50.68,2.69,200
Lloydminster_Core_Switch_01,32.36,1.68,200
Lloydminster_Core_Switch_01,47.52,0.88,200
